source_idx,target_idx,ratio
1,1,0.9124901676974669
1,2,0.000017006988834842827
1,3,0.000050014611245410345
1,4,1.5718318780788187e-6
1,5,0.00001070424539313106
1,6,0.00003329565465184612
1,7,6.04990525902786e-7
1,8,0.00024642651130151594
1,9,0.015679345363107
1,10,0.000044854213582849934
1,11,9.565668893420146e-6
1,12,0.00003688646506341025
1,13,0.000030004480780062422
1,14,0.000018530031837469036
1,15,0.000048626627030820825
1,16,0.00001117845462789015
1,17,0.000017083009695465502
1,18,0.000025052155812899922
1,19,0.000048173678226163464
1,20,0.012161824693926647
1,21,0.000020320016057089786
1,22,0.000102998017091819
1,23,0.00002825290932956978
1,24,0.00019246995373622784
1,25,0.00005803330856447629
1,26,0.015876727153820082
1,27,0.000015931134839077407
1,28,0.0008226510823563009
1,29,0.000020345808092810812
1,30,0.00002707566595200448
1,31,0.006016335505763224
1,32,0.00003535554469026827
1,33,0.00013001400984459329
1,34,0.00017337834161360193
1,35,4.837256065595968e-6
1,36,0.000029537132480913774
1,37,0.00012199103502863484
1,38,3.7462826006148244e-6
1,39,0.0012191459488861375
1,40,0.00005016559418029621
1,41,0.00003870418948565374
1,42,0.000047231908934983935
1,43,0.000038010557365721275
1,44,0.00005885204688066478
1,45,0.00008911050933267942
1,46,0.00018896160160635305
1,47,0.00033692276022170256
1,48,0.03247341988428648
1,49,0.00006765776127658399
1,50,0.000730899705733933
2,1,0.000014361534318427851
2,2,0.940442323209213
2,3,0.007982041917762842
2,4,0.00025759666403358497
2,5,0.00003941629247784659
2,6,0.00011266884204829411
2,7,3.976343716009799e-6
2,8,0.0002463066436542966
2,9,0.00003819420275439476
2,10,0.00007161954473152346
2,11,0.000045732953936461895
2,12,0.0003506709177558907
2,13,0.00805153731917167
2,14,0.00018284236566954402
2,15,6.138741133406375e-6
2,16,0.01716919445658873
2,17,0.00004024273606279469
2,18,0.00016123476277837012
2,19,0.00029936107204708775
2,20,0.000014585220748400167
2,21,0.000031392485907113394
2,22,0.000019577359694222336
2,23,0.0014514192243720934
2,24,0.000028705309265247994
2,25,0.00003848639545001666
2,26,0.000027944922377451872
2,27,5.5401482448765925e-6
2,28,0.0021287817031210472
2,29,0.0000722285891123097
2,30,0.011294314921953067
2,31,0.00004908698477565687
2,32,8.546707792687188e-6
2,33,0.000027644278670513262
2,34,0.00002469638628822022
2,35,5.398277402724013e-6
2,36,4.7913559813023966e-6
2,37,0.00003075612883757905
2,38,3.3806494835354996e-6
2,39,0.000013428412025409341
2,40,0.0000432610127132521
2,41,0.00017722048348913093
2,42,0.00001607035330235247
2,43,0.00014718362961473004
2,44,0.00006056268244706397
2,45,0.0016507964223572795
2,46,0.006882590943449105
2,47,0.0000537683551314171
2,48,0.000020554125132639683
2,49,0.00004293370953583137
2,50,0.000108280725867838
2,51,6.115756015670573e-7
3,1,8.118529434020446e-6
3,2,0.0014481263879773576
3,3,0.9689514282345134
3,4,0.00023301418338452979
3,5,5.538704368640193e-6
3,6,0.000010541983778930162
3,7,0.00008317225919439102
3,8,0.0002150383853178267
3,9,0.000010875751790573945
3,10,8.12064130653442e-6
3,11,0.000018825538770960212
3,12,0.0004128168666330377
3,13,0.00007809238408790356
3,14,0.000021391824813641848
3,15,7.206023878649076e-6
3,16,0.0000880835454379725
3,17,0.0000621957513895777
3,18,0.0001240234917146398
3,19,0.000025527239813737514
3,20,8.76950069726212e-6
3,21,8.755531620524263e-6
3,22,6.8915699010875665e-6
3,23,0.00004191573913987081
3,24,9.862452319763253e-6
3,25,0.000012887805690226435
3,26,0.000016124131285066772
3,27,2.0256466791060246e-6
3,28,0.0005906113050319562
3,29,0.000056243196803564077
3,30,0.014725509684666115
3,31,0.00004802285975529758
3,32,2.467220022935538e-6
3,33,7.93785298079825e-6
3,34,3.4167716619700772e-6
3,35,4.549779746408867e-6
3,36,6.232066672889474e-6
3,37,8.020907167120269e-6
3,38,9.1136975193567e-6
3,39,5.522231763031248e-6
3,40,0.000011116244152928123
3,41,0.00004993514879739034
3,42,2.297709615659901e-6
3,43,0.0000850437238209047
3,44,0.00003475583087739051
3,45,0.00006859775084424574
3,46,0.01226469847293407
3,47,0.00001922665631695853
3,48,0.000011056121062339572
3,49,8.394332304808141e-6
3,50,0.000057308985905767386
3,51,2.9317398215713336e-7
3,52,2.5817065518017956e-7
4,1,2.536570239639732e-6
4,2,0.00009732831402798215
4,3,0.0005967510199816746
4,4,0.9782750619556909
4,5,3.7290292656854114e-6
4,6,0.000015433368932006536
4,7,4.071544092315555e-6
4,8,0.00023002242721230327
4,9,4.041102306667655e-6
4,10,7.017000602408241e-6
4,11,0.00013888900662187056
4,12,0.00008611350849794521
4,13,0.00006376832318696443
4,14,0.0001434311954341642
4,15,4.087848641127628e-6
4,16,0.00002786678041697659
4,17,0.00009051778468760405
4,18,0.007180206531265971
4,19,0.000014393337553757555
4,20,2.684126406388961e-6
4,21,0.000037023335495450656
4,22,3.4117864897139786e-6
4,23,0.0005666926099504143
4,24,4.695829359452826e-6
4,25,0.000010686478497737375
4,26,4.654212992789821e-6
4,27,5.295796988544776e-7
4,28,0.0004581578415027623
4,29,0.0009956136117296773
4,30,0.009843627373562949
4,31,0.000036756815773161647
4,32,1.5092643629026498e-6
4,33,4.904925256169565e-6
4,34,5.951557988327784e-7
4,35,2.5930993033869415e-6
4,36,3.963198377099741e-6
4,37,4.0406251003609604e-6
4,38,6.767978444698022e-7
4,39,2.6580391282896512e-6
4,40,4.9953160840959965e-6
4,41,0.0002825887499051272
4,42,2.2192479292838462e-6
4,43,0.00011351572857535489
4,44,0.000022043073951650764
4,45,0.000049347049180669317
4,46,0.0004391695043054373
4,47,0.000014001491525172845
4,48,3.393195327348994e-6
4,49,3.19591028672295e-6
4,50,0.00005490019955369532
4,51,9.283054516940357e-7
4,52,0.00003896087263501569
5,1,0.000035230769223852746
5,2,0.00016454215127793974
5,3,0.00008437550414894383
5,4,0.000012782643472944408
5,5,0.8868413389441331
5,6,0.000205015424141836
5,7,1.4297947866802077e-6
5,8,0.000058517306245135664
5,9,0.0005819225387118465
5,10,0.005425675183151496
5,11,0.000016083916816712025
5,12,0.000019667441384171163
5,13,0.00017629080053076007
5,14,0.000026937959461107653
5,15,0.00007350778923673392
5,16,0.00012267859416401324
5,17,6.963818984526249e-6
5,18,0.00003889887646507831
5,19,0.00021878838009790487
5,20,0.00002514805104420038
5,21,0.00001545093716358123
5,22,0.000010999687056620671
5,23,0.00007737217462776806
5,24,0.0006454958032480338
5,25,0.000011240342143487337
5,26,0.0000289582108306827
5,27,0.00005385425185373007
5,28,0.04296991714132514
5,29,0.000032222059237975654
5,30,0.00009503129891003255
5,31,0.00004327585603247147
5,32,0.00007288639625124259
5,33,0.00016900232311898276
5,34,0.000531383000736348
5,35,0.00003738507833801373
5,36,0.00009477673982199859
5,37,0.017449069584633013
5,38,0.000042200033942169546
5,39,0.0001019439048235932
5,40,0.013622518602908166
5,41,0.0000631379534329817
5,42,0.00016449719500749967
5,43,4.689008526917465e-6
5,44,7.354057950615316e-6
5,45,0.01552341455046481
5,46,0.00021648946937160638
5,47,0.01278150496698219
5,48,0.00006446393167761423
5,49,0.0008659199890832453
5,50,0.00006462382769103551
5,51,1.5551625305366097e-6
5,52,1.570572798496776e-6
6,1,0.000027430508326723
6,2,0.0000668493789761786
6,3,0.00003993302334561355
6,4,0.00002260375792687811
6,5,0.00004554832729087622
6,6,0.9720111063494459
6,7,2.0410427953760402e-6
6,8,0.000053630207091770984
6,9,0.00003773747968623381
6,10,0.016040120652313285
6,11,0.00036090530793832
6,12,0.000013252377178337628
6,13,0.0008302875709701874
6,14,0.0017180089673282293
6,15,0.00001757849761766862
6,16,0.00003544761374264694
6,17,4.805022587947166e-6
6,18,0.00007518956227731935
6,19,0.00005965511518092626
6,20,0.000025937376943000436
6,21,0.002260392034407668
6,22,0.000011189582509256692
6,23,0.00011392765221578677
6,24,0.000030407483236590495
6,25,0.000010489552352511898
6,26,0.000013482576487778981
6,27,8.998105295293078e-6
6,28,0.0013879924750176405
6,29,0.00014563918915515617
6,30,0.0000667560913496808
6,31,0.000024915592300434642
6,32,0.00001199712082055189
6,33,0.00002819735812205023
6,34,0.00002360126420598339
6,35,2.735514674658604e-6
6,36,0.000015414715543787218
6,37,0.00031459677191090254
6,38,2.9448764590684684e-6
6,39,0.000015925403339708974
6,40,0.000018127563996067484
6,41,0.00323580493057854
6,42,0.000011677243155692084
6,43,0.000015526723256283267
6,44,4.128236136953449e-6
6,45,0.0004651867260201903
6,46,0.00009007147722437177
6,47,0.00008024287865371929
6,48,0.000011985715523941126
6,49,0.00004334096928416344
6,50,0.000044228320609926836
6,51,1.9124805595293653e-6
6,52,9.523663288061712e-8
7,1,1.8667689662612698e-6
7,2,9.93899269839809e-6
7,3,0.00009556955967239315
7,4,6.083735672409784e-6
7,5,1.1323172851818485e-6
7,6,7.3920686206114595e-6
7,7,0.9979346968996423
7,8,0.0007173695114240823
7,9,1.7664124575380535e-6
7,10,3.888178474071675e-6
7,11,0.000015822729946865148
7,12,0.000017830712618842656
7,13,5.850565065821007e-6
7,14,9.972791717450919e-6
7,15,0.000012217003957682169
7,16,9.17555610186984e-6
7,17,0.00001859787262362709
7,18,0.000025800887383957995
7,19,4.874756294680472e-6
7,20,3.4727489138516714e-6
7,21,1.4400438139913438e-6
7,22,4.213995501580432e-6
7,23,7.643618070646624e-6
7,24,2.442267471313002e-6
7,25,0.000014162679090827136
7,26,1.0127419722271906e-6
7,27,2.6948825432396444e-6
7,28,0.00037297839346496975
7,29,0.000027458794459484866
7,30,0.000025891866420035987
7,31,4.1409690601921975e-6
7,32,2.0081957963557815e-6
7,33,8.090088569729674e-6
7,34,4.638840144630061e-7
7,35,0.000014329680846317683
7,36,5.983191112764515e-6
7,37,3.3781216898862943e-6
7,38,0.000010931487854686745
7,39,3.8045835708653673e-6
7,40,1.629348408834632e-6
7,41,0.00004363381900368071
7,42,1.2220677219025829e-6
7,43,0.000020121060018611886
7,44,3.0136163193519492e-6
7,45,0.000010339854580524882
7,46,0.0004757152382225083
7,47,4.3335708145350755e-6
7,48,7.941829222801414e-6
7,49,1.5368398919241252e-6
7,50,0.000014031808185822547
7,52,9.13927481064622e-8
8,1,0.000014547553435059521
8,2,0.000018547299177050044
8,3,0.00007402039560436143
8,4,0.000017380363171449852
8,5,1.7025072484279823e-6
8,6,6.3220747103467795e-6
8,7,0.00013985027228587173
8,8,0.9833959013343789
8,9,0.00001573194390518066
8,10,3.9653175610969705e-6
8,11,0.000010253032768857118
8,12,0.00014612704729370435
8,13,0.00001615031943271569
8,14,0.000011611555814346526
8,15,0.000013921293759767953
8,16,9.662783419159243e-6
8,17,0.0078046203059587305
8,18,0.00001982713723194019
8,19,0.000030981348938678686
8,20,0.000020555854766588282
8,21,4.831498542501478e-6
8,22,0.0001264931428373781
8,23,0.00001862424940448934
8,24,0.000012041512539340556
8,25,0.0016057793702923396
8,26,0.000028001043635440088
8,27,3.427485021422897e-6
8,28,0.00030779192307354893
8,29,0.000024663921460433304
8,30,0.00005570875459111348
8,31,0.00004841674123945622
8,32,3.7420901708468935e-6
8,33,8.604145472644587e-6
8,34,4.330370742413193e-6
8,35,0.000021578533260329278
8,36,8.819334957344298e-6
8,37,3.5400487664602905e-6
8,38,0.000012615759843526785
8,39,0.00001242272038462834
8,40,2.522165035998541e-6
8,41,0.00003220728215356177
8,42,0.00001424370788705254
8,43,0.005240513020943282
8,44,0.000020898350939543697
8,45,0.00001996941579110379
8,46,0.0002544022746576489
8,47,0.000011959062960065858
8,48,0.000029074709412964618
8,49,7.202680679844913e-6
8,50,0.0002831880595206948
8,51,2.698904843388622e-7
8,52,4.36992435991554e-7
9,1,0.0164393507316065
9,2,0.00006406625272265477
9,3,0.00007024112901827436
9,4,7.980041455797997e-6
9,5,0.0002155767779467064
9,6,0.00005700612915245997
9,7,1.8855236321719993e-6
9,8,0.00031714939189456993
9,9,0.9382485375027908
9,10,0.00011078119119261793
9,11,0.000012717953580989364
9,12,0.00004299816802469934
9,13,0.0001093797070638253
9,14,0.00002910469635955525
9,15,0.00008729601179509471
9,16,0.00010490063285961621
9,17,0.00003132415508575322
9,18,0.000027907053838791155
9,19,0.0001934171760743252
9,20,0.0010458947424352224
9,21,0.00001823993415479871
9,22,0.00006485149034881703
9,23,0.00005019472562065153
9,24,0.0015052655439636337
9,25,0.00007540115920535927
9,26,0.0035486199603861094
9,27,0.00008927893691038826
9,28,0.0032720424682697743
9,29,0.00003465154444036654
9,30,0.0000780825779666944
9,31,0.0008443845193985976
9,32,0.00009236165337965339
9,33,0.00030499839948587874
9,34,0.006172954347610075
9,35,2.548357363109634e-6
9,36,0.00010885784916372145
9,37,0.0006965265048232347
9,38,3.5507022655926717e-6
9,39,0.005638001479135502
9,40,0.001773228760774694
9,41,0.00005361232151965166
9,42,0.003385465101345387
9,43,0.00005949692700569167
9,44,0.00008211619552648924
9,45,0.0003576173248080986
9,46,0.00022724836259382952
9,47,0.0064132850874318095
9,48,0.006725869920256328
9,49,0.0005070714016366616
9,50,0.0005954780421621963
9,51,1.1834325167629471e-6
10,1,0.00008589821189046151
10,2,0.00007292429433632935
10,3,0.00006181042517754274
10,4,0.000022006994086556428
10,5,0.0021764418436591585
10,6,0.03132272604769876
10,7,2.4476639733312394e-6
10,8,0.00006641952762129891
10,9,0.0001512011725264274
10,10,0.946626444930823
10,11,0.00023204494439950786
10,12,0.000011741088848807463
10,13,0.00021424994501506987
10,14,0.00018763932071569431
10,15,0.00004591656229531607
10,16,0.000038830765229359804
10,17,0.000010045810254470641
10,18,0.00004458180169508075
10,19,0.00016333445338399601
10,20,0.00006654260644254211
10,21,0.00021512772795722956
10,22,0.00002311243111066214
10,23,0.00007388156375159079
10,24,0.00011894139728140261
10,25,0.00001996840256318265
10,26,0.000026134632957536408
10,27,0.000018524661092592545
10,28,0.003770630617401923
10,29,0.0000907286150632956
10,30,0.000042822386699169204
10,31,0.000038422527526494464
10,32,0.000031951939067400744
10,33,0.00006733997541483204
10,34,0.00008967752934985199
10,35,7.825475739215751e-6
10,36,0.00003885947125435961
10,37,0.006652546027352246
10,38,5.818929229210135e-6
10,39,0.000040413074717235126
10,40,0.00006239525826522147
10,41,0.0009206506834513432
10,42,0.00002263546589721544
10,43,0.00001203042146588994
10,44,7.504329982957347e-6
10,45,0.005287029819757001
10,46,0.00007333322766177143
10,47,0.0003246947298952251
10,48,0.000057726332279866385
10,49,0.0001862534550434888
10,50,0.00006818868133328473
10,51,1.5817993646524374e-6
11,1,7.987605635583459e-6
11,2,0.000011327914295787045
11,3,0.00003141500559064385
11,4,0.00008581853869788252
11,5,3.190475902366697e-6
11,6,0.0001429076614734574
11,7,5.9600860208651895e-6
11,8,0.00002937127150308728
11,9,4.518015982330834e-6
11,10,0.00005586663211872162
11,11,0.9825766006377719
11,12,7.162544539594558e-6
11,13,0.00005114728731570056
11,14,0.00033297522854574277
11,15,0.00001758624481246973
11,16,0.000014165712158138012
11,17,4.793598392827514e-6
11,18,0.0003453818877957507
11,19,0.000020787590456274812
11,20,4.596479608577216e-6
11,21,0.00037864828077130896
11,22,2.0438507384403096e-6
11,23,0.0001856778564574293
11,24,8.605696249959855e-6
11,25,1.695828129147956e-6
11,26,2.2932927463559286e-6
11,27,6.799049781269421e-7
11,28,0.00034885409679157324
11,29,0.0059240465712677715
11,30,0.00007546405481756167
11,31,0.000010647160947596618
11,32,1.3402338170390125e-6
11,33,4.205964263730152e-6
11,34,3.954995189700286e-6
11,35,4.702366797125722e-6
11,36,5.02466258424293e-6
11,37,0.000025276104369648
11,38,2.898063950735648e-6
11,39,2.9092412263220397e-6
11,40,3.764292204055057e-6
11,41,0.008419133734409497
11,42,2.210566060540531e-6
11,43,5.315452028127578e-6
11,44,6.895657922248569e-7
11,45,0.000035448114453939236
11,46,0.00004724437144327224
11,47,0.00002316649434666196
11,48,4.308171647128289e-6
11,49,6.81816992157517e-6
11,50,0.000012596142703687931
11,51,0.0006955721462280604
11,52,1.2041340496047364e-6
12,1,0.00002210205994162144
12,2,0.00026461535514350884
12,3,0.0013236945702911687
12,4,0.00008042262352244838
12,5,4.954929539508868e-6
12,6,0.000011439786084851183
12,7,0.000012743618009685083
12,8,0.0012699425905569565
12,9,0.00002087645163368963
12,10,9.440493152266869e-6
12,11,0.000014202782802768138
12,12,0.9499486945262645
12,13,0.00012506074033873593
12,14,0.000043251870291050736
12,15,4.270297257913739e-6
12,16,0.0002346476428323936
12,17,0.00021930481561605644
12,18,0.000047902481132657976
12,19,0.000030962404695755165
12,20,0.000016040492729859337
12,21,0.000017234608098189826
12,22,0.0000601037180463934
12,23,0.0000659709980461533
12,24,0.00001290074355295765
12,25,0.00017895012619096283
12,26,0.0000510540764999174
12,27,2.0105334894881518e-6
12,28,0.0003907801410433159
12,29,0.00003716331605258412
12,30,0.0004709719939945003
12,31,0.00012655151919811134
12,32,2.5598188068119555e-6
12,33,6.865097453021349e-6
12,34,3.7825442995033392e-6
12,35,1.58404641127145e-6
12,36,3.493317987272196e-6
12,37,7.5890716837799824e-6
12,38,1.442158605698306e-6
12,39,0.000014543851338650729
12,40,7.012896241104282e-6
12,41,0.000057793153743857
12,42,0.00002385798512710178
12,43,0.007311960099780074
12,44,0.0019558063429918533
12,45,0.000060825657348747004
12,46,0.035066616208798376
12,47,0.000017828468037718587
12,48,0.000022533949270246633
12,49,6.942134028353868e-6
12,50,0.00030845095918273984
12,51,2.499328137439216e-7
13,1,0.00002003227633728455
13,2,0.006842413482451316
13,3,0.00037099390494074345
13,4,0.00012377829964729488
13,5,0.000045669685366365256
13,6,0.001203141762076699
13,7,2.151639911845369e-6
13,8,0.00020078376399687122
13,9,0.00006903096294167149
13,10,0.00014796711486326618
13,11,0.00017134090115809598
13,12,0.00014946252001890755
13,13,0.9539913150900082
13,14,0.0019221995824182355
13,15,0.00001713211044451242
13,16,0.00369660121551343
13,17,0.00004439814074024384
13,18,0.0004711256090769229
13,19,0.0005083049923067766
13,20,0.000024699325141642033
13,21,0.00009827627911188552
13,22,0.000018083298704785773
13,23,0.0019523869067800525
13,24,0.0000222169925270869
13,25,0.000024551848389607165
13,26,0.000020344013249343084
13,27,0.000012029533954768083
13,28,0.008558073608047006
13,29,0.0004021211702267914
13,30,0.0004116579301148531
13,31,0.000060674857992209956
13,32,0.000015536215071518363
13,33,0.000024200447974744328
13,34,0.000019218263530614548
13,35,2.7504466812147938e-6
13,36,9.52999747106382e-6
13,37,0.00003370479731501944
13,38,1.8181791731625884e-6
13,39,0.000025277844660018705
13,40,0.00005669810129805427
13,41,0.0007559365388032202
13,42,0.000051089534840114246
13,43,0.0000832595438041279
13,44,0.000028164240449785547
13,45,0.015973695378534436
13,46,0.0010452488556366493
13,47,0.00008932119220090442
13,48,0.000034757632060836435
13,49,0.000037718169168566125
13,50,0.00010911580286723296
14,1,0.000010171535908362229
14,2,0.00007459913687042898
14,3,0.00005036781868494938
14,4,0.0001476043604423942
14,5,5.145427541743379e-6
14,6,0.0013039984539458555
14,7,3.7920872002906613e-6
14,8,0.00008050398047781562
14,9,0.000013664809275705075
14,10,0.00008168878893309413
14,11,0.000585599404966372
14,12,0.000027288033718449067
14,13,0.0010003175004576073
14,14,0.9682384100908247
14,15,4.2924502081438344e-6
14,16,0.000044536324311066184
14,17,6.838816477405273e-6
14,18,0.0026421936250288925
14,19,0.000035702209694232754
14,20,6.0796215096772445e-6
14,21,0.00029929016998213467
14,22,8.789913458537634e-6
14,23,0.006048219967663686
14,24,7.5539392606215455e-6
14,25,8.046619115907288e-6
14,26,8.697107608460069e-6
14,27,3.059239734172896e-6
14,28,0.000654618933263277
14,29,0.005259127476493023
14,30,0.00009248256807528988
14,31,0.000023658416636479643
14,32,1.2453524345032193e-6
14,33,8.125201000080532e-6
14,34,4.118556697516068e-6
14,35,5.036297295563224e-6
14,36,4.3730588232102115e-6
14,37,0.00001624021307121669
14,38,2.9228960195463393e-6
14,39,6.321299956265954e-6
14,40,7.743383324647298e-6
14,41,0.012753108851614502
14,42,0.00001279126983595378
14,43,0.00003748982319159733
14,44,6.599957029240543e-6
14,45,0.0001477956654138763
14,46,0.00012946795637242193
14,47,0.000016915943575801704
14,48,4.853909940010752e-6
14,49,9.038703888078504e-6
14,50,0.000045763473017184126
14,51,2.153843769747332e-6
14,52,1.5555159604523468e-6
15,1,0.000011251806612532526
15,2,3.7048990809196456e-6
15,3,0.000014026301768723487
15,4,2.235458705830486e-6
15,5,0.000012794082892166612
15,6,8.592871284897717e-6
15,7,0.000014673858310160985
15,8,0.00007713728345132601
15,9,0.000028192714174609784
15,10,0.000010612183568348116
15,11,0.000011213154260825053
15,12,2.522112843714603e-6
15,13,4.4000786740184144e-6
15,14,2.996136546070413e-6
15,15,0.9663459298284598
15,16,9.588486570914176e-6
15,17,4.878913231453988e-6
15,18,2.5154813668729838e-6
15,19,0.000013043618414251753
15,20,0.00001980695240771062
15,21,2.334478461532092e-6
15,22,4.995896455205764e-6
15,23,2.532043507870101e-6
15,24,0.00038900332528899264
15,25,3.799262458539463e-6
15,26,0.000011599821220826327
15,27,0.006943962049330133
15,28,0.00040886699282310354
15,29,4.856955429599063e-6
15,30,0.000011319235822148362
15,31,0.000014665924812907893
15,32,0.001382040235732262
15,33,0.00036268399780510616
15,34,0.0000145446383013554
15,35,0.000020989264179850456
15,36,0.023430742436049968
15,37,0.000019724108600511213
15,38,0.000011666643556521562
15,39,0.00004765447669627527
15,40,0.000013539666122890192
15,41,0.000017204401184336497
15,42,4.104332461396387e-6
15,43,5.667606578683704e-6
15,44,1.6601863653737228e-6
15,45,0.000019117356054681507
15,46,0.000020528293783823505
15,47,0.000056508678925460686
15,48,0.00004371105409641171
15,49,0.0000991880473568288
15,50,0.00002998054267659551
15,51,1.8849503974265125e-7
15,52,5.033301956858143e-7
16,1,0.000022067824330816634
16,2,0.04421471444935871
16,3,0.0012578936716535335
16,4,0.00013815699442556043
16,5,0.00009802274272829654
16,6,0.00014744293674793642
16,7,0.00001292523472616733
16,8,0.00037748094850377446
16,9,0.00015177361500979037
16,10,0.00012102597762394199
16,11,0.00010224698133507163
16,12,0.0008993027732265399
16,13,0.01115094964466647
16,14,0.00021245250287036654
16,15,0.000053479687111017654
16,16,0.8757010521648516
16,17,0.00012180073247292812
16,18,0.00016620620303851928
16,19,0.007639002273411015
16,20,0.000026386442927316716
16,21,0.00003465905876001322
16,22,0.00003343862062621503
16,23,0.0004435714801085202
16,24,0.00011046506650703831
16,25,0.000047171852931082594
16,26,0.000058129160004831086
16,27,0.00003935813358175962
16,28,0.0204963934120978
16,29,0.00010363730345037461
16,30,0.0018576250243609801
16,31,0.00010547834244994131
16,32,0.000023634846760215423
16,33,0.00007129915350435138
16,34,0.00002695156933245825
16,35,3.2966930410901232e-6
16,36,0.00004255216216736023
16,37,0.00009958598995810634
16,38,3.997936364745995e-6
16,39,0.000057303544828048653
16,40,0.00015641532777111518
16,41,0.00028699990102108264
16,42,0.00009903617408463116
16,43,0.0002631818522141457
16,44,0.0004967975996471446
16,45,0.017829478327510615
16,46,0.013838115948515564
16,47,0.00026286075051577075
16,48,0.00005054614729705772
16,49,0.00016837232866936047
16,50,0.0002738056833241996
16,52,1.4568075747311774e-6
17,1,9.408426362491975e-6
17,2,0.000014928131633005028
17,3,0.00009461486284794595
17,4,0.000027436708438760854
17,5,7.60125716899964e-7
17,6,6.371240463212291e-6
17,7,6.103549548956953e-6
17,8,0.06110048818611933
17,9,0.000015463725593210557
17,10,3.3655464782744184e-6
17,11,4.3775689405099645e-6
17,12,0.00021738004515627237
17,13,0.00001881077804463026
17,14,6.571145658599551e-6
17,15,5.062522898619686e-6
17,16,0.00001594331678596441
17,17,0.9336576111640171
17,18,0.000018225024580932263
17,19,0.00004272320764323816
17,20,0.000010330100007402668
17,21,0.000012205324905556602
17,22,0.00011559759946248589
17,23,0.00001726869633095588
17,24,6.216287902442795e-6
17,25,0.002623985158097816
17,26,0.000016036616162318244
17,27,1.9972391921164365e-6
17,28,0.00018871789048551378
17,29,0.000010040154549883149
17,30,0.0001318325201901303
17,31,0.000024459247253943276
17,32,1.1821906509387425e-6
17,33,9.955591142418995e-6
17,34,1.295468976011565e-6
17,35,2.106930563075615e-6
17,36,8.37630924334021e-6
17,37,6.013837126716763e-6
17,38,4.263847067347818e-7
17,39,6.555563621374708e-6
17,40,1.8646568828083557e-6
17,41,0.00001671806030511243
17,42,0.000012189974284726187
17,43,0.0009399554822164578
17,44,0.000018786460038515677
17,45,0.000018876828140540064
17,46,0.0002979978030953982
17,47,7.557615893950266e-6
17,48,0.0000109507587772603
17,49,2.8028575152211633e-6
17,50,0.00021205511535106992
18,1,5.458821984282562e-6
18,2,0.00006028830823351131
18,3,0.0002798582282189944
18,4,0.005834223318090231
18,5,6.376432346667306e-6
18,6,0.00004604814922354315
18,7,0.00002524564804871683
18,8,0.00012351721836308262
18,9,0.000012109419268125635
18,10,0.000015410327891907368
18,11,0.0004495651257265949
18,12,0.00003351776754727814
18,13,0.00015878676170401023
18,14,0.002197832825709394
18,15,2.171981188616378e-6
18,16,0.000023100209634448532
18,17,0.000018371873819063007
18,18,0.9763364664416975
18,19,0.00002435872826201917
18,20,8.872257461880951e-6
18,21,0.00009844863254110716
18,22,5.878396534939699e-6
18,23,0.005483979329898971
18,24,8.409769727028278e-6
18,25,4.33569831677026e-6
18,26,8.293126614088126e-6
18,27,1.4315119085117633e-6
18,28,0.0005460093924122816
18,29,0.005853776447879984
18,30,0.000994528862152646
18,31,0.00002340497052066482
18,32,1.4280738070216378e-6
18,33,6.48712975198466e-6
18,34,2.1314021283682676e-6
18,35,7.169387873373463e-6
18,36,1.3394086392350486e-6
18,37,5.970373635354389e-6
18,38,5.334829535129546e-6
18,39,4.276588204912535e-6
18,40,6.850843038981144e-6
18,41,0.0008614171957614663
18,42,0.000014233913651298163
18,43,0.00003357443313743419
18,44,5.9238330963756775e-6
18,45,0.00009279737150002433
18,46,0.0001614604533724605
18,47,0.000012613684667415639
18,48,7.607272680131671e-6
18,49,5.785410083628841e-6
18,50,0.000024420929510996425
18,51,3.497968615153744e-6
18,52,0.000045603514382666754
19,1,0.00008797913995353267
19,2,0.0006699645555330543
19,3,0.0003263636341059827
19,4,0.00007567145812551467
19,5,0.00014516987150845094
19,6,0.0001839307406873622
19,7,9.274238146865226e-6
19,8,0.0008774843103935142
19,9,0.0003260304217291805
19,10,0.00023742264185231055
19,11,0.00010403077251828585
19,12,0.00017151953119253285
19,13,0.0010577422410135812
19,14,0.0001334313842389372
19,15,0.00007414186452957286
19,16,0.004879597062603262
19,17,0.00007512094837318626
19,18,0.00014853445147683083
19,19,0.8274534297859768
19,20,0.0000823292005808915
19,21,0.000027803406807547306
19,22,0.00015858196378743214
19,23,0.0004045810700804193
19,24,0.00010911816081906287
19,25,0.00019931124269547388
19,26,0.00016906573172074585
19,27,0.000039717738864071135
19,28,0.15098664689260924
19,29,0.0001435221484156862
19,30,0.0004068526580904999
19,31,0.00046659691061979534
19,32,0.0000360128186113479
19,33,0.00006968823717308545
19,34,0.00007629954442496597
19,35,4.051281196834561e-6
19,36,0.000050640046118630226
19,37,0.0001255189916503465
19,38,5.747861597599757e-6
19,39,0.00009905189449930018
19,40,0.0006550913114111248
19,41,0.00020550075774868146
19,42,0.0007624619584318463
19,43,0.00014833715376421134
19,44,0.0006859891297303467
19,45,0.0035984812162979905
19,46,0.0008383418559506996
19,47,0.0003088141029128021
19,48,0.00012840330289702208
19,49,0.0002203043836668617
19,50,0.0017492777824497565
19,51,1.0201904172002168e-6
20,1,0.006054310446959889
20,2,6.8833917518822605e-6
20,3,0.00002670143927529641
20,4,2.400552222501177e-6
20,5,5.485686574529685e-6
20,6,0.00002033898242597536
20,7,2.6411504799224543e-6
20,8,0.00018764900266946772
20,9,0.0005594231517529807
20,10,0.00002955462604646741
20,11,0.000010186666278866029
20,12,0.000021928160120847016
20,13,0.000017574133585553824
20,14,7.513880843042633e-6
20,15,0.000029946369093193394
20,16,4.038055838030666e-6
20,17,9.97254624800726e-6
20,18,7.6622894086167e-6
20,19,0.00003780255152493711
20,20,0.9659913981958018
20,21,2.0009793663306375e-6
20,22,0.00006034693027779555
20,23,0.000015145124636254152
20,24,0.00008460683711825599
20,25,0.000030977315051268045
20,26,0.0003905777100869864
20,27,0.00002043413986817653
20,28,0.0005379265362102029
20,29,7.84269074396424e-6
20,30,0.000012442893223514227
20,31,0.006082460548317553
20,32,0.0000195396051870109
20,33,0.00012173695113745455
20,34,0.000052907222145727716
20,35,1.6560046975234785e-6
20,36,0.00003940627330133082
20,37,0.000042947957106751385
20,38,1.5865677583901742e-6
20,39,0.0005447360288734831
20,40,0.000023980706780562496
20,41,0.000018303842358761578
20,42,0.000034502981423927074
20,43,0.000015571659820108765
20,44,0.000028932682392496503
20,45,0.000037802341046188565
20,46,0.00007453435556045638
20,47,0.00009670244040672946
20,48,0.0181540901389528
20,49,0.0000438151085027359
20,50,0.00036907414874550766
21,1,0.000045446180635577275
21,2,0.000029850133930713122
21,3,0.00003132523902102106
21,4,0.00004724630312180427
21,5,4.168631539083805e-6
21,6,0.0029951080237572776
21,7,1.0141308880551033e-6
21,8,0.00006309687110078457
21,9,0.000017714637429331642
21,10,0.0002858724317376361
21,11,0.000996498887403079
21,12,0.0000341241080532095
21,13,0.00009030117622166294
21,14,0.0005443011433920935
21,15,8.003472282339806e-6
21,16,0.000022584492223806086
21,17,0.000044537793930226314
21,18,0.00020594728373633965
21,19,0.000019051468794315722
21,20,0.00001101518893907734
21,21,0.9724809601859258
21,22,4.164893576446588e-7
21,23,0.0002745478877750123
21,24,0.000013316321987704651
21,25,8.978339116577492e-6
21,26,4.479562067543491e-6
21,27,1.0491935954372903e-6
21,28,0.00034029077303915145
21,29,0.00031671232256862993
21,30,0.00009340161542959105
21,31,0.00001979915399851941
21,32,9.690899828892589e-7
21,33,0.000013723018501084825
21,34,9.047537763745872e-6
21,35,4.513759791836077e-6
21,36,5.322704334135667e-6
21,37,0.00007901181853543414
21,38,2.898033164960914e-6
21,39,4.223588857526903e-6
21,40,5.148935409884724e-6
21,41,0.020543929368717382
21,42,4.969327849778951e-6
21,43,0.00001518218318874157
21,44,1.2250014083994437e-6
21,45,0.00005899014763711393
21,46,0.0001278198795177728
21,47,0.000032687432925882515
21,48,0.00001181514383569571
21,49,9.460042020727737e-6
21,50,0.000010590852949119809
21,51,7.111489363438165e-6
21,52,2.0120124509269118e-7
22,1,0.00014693322681643317
22,2,0.00001783232148905116
22,3,0.00006642892372722581
22,4,8.77973415281347e-6
22,5,6.022804002076364e-6
22,6,0.000017498084771160663
22,7,2.4345654131389902e-6
22,8,0.0035731483576237153
22,9,0.00008816807109453757
22,10,0.000022496997927452966
22,11,8.977712915075541e-6
22,12,0.0001818634933772452
22,13,0.00003556393350891757
22,14,0.000017307593451014806
22,15,0.00001008086272019788
22,16,0.0000323846711501658
22,17,0.00044535494579659726
22,18,0.00001786544161588956
22,19,0.00016979117341743455
22,20,0.0001834220280627871
22,21,2.696760796073456e-6
22,22,0.9212825087315734
22,23,0.000018730139998662157
22,24,0.00004026786842760446
22,25,0.028506365950742303
22,26,0.00024047013118046426
22,27,6.291205192890964e-6
22,28,0.0007743486329360363
22,29,0.000011822738555936755
22,30,0.000051877855700347146
22,31,0.0011050110753053218
22,32,0.000010714124941702605
22,33,0.00004916004912102818
22,34,0.000026724434728041407
22,35,9.948854393878653e-7
22,36,6.6566058590489315e-6
22,37,0.000016181846410676878
22,38,9.096230354698878e-7
22,39,0.00005913453619962901
22,40,0.00001697834836120179
22,41,0.000022029943430041505
22,42,0.00014576039658152675
22,43,0.0013465162947675275
22,44,0.0010588992920332293
22,45,0.00010980691371926556
22,46,0.0003343611038658281
22,47,0.00003880235340583073
22,48,0.00012734688769361683
22,49,0.00001835961279555974
22,50,0.03951791671416925
23,1,0.000019839739847221354
23,2,0.0009814511429230262
23,3,0.00017452415527481672
23,4,0.0009116828753330013
23,5,0.000017820947558887493
23,6,0.00011530191298088367
23,7,5.390130244278161e-6
23,8,0.00016789994376390096
23,9,0.00002444951237806108
23,10,0.00004512799868573243
23,11,0.00045444135931434616
23,12,0.00007853607529540086
23,13,0.001491049788528967
23,14,0.00889816387526599
23,15,3.480769242281947e-6
23,16,0.00011413802880990793
23,17,0.000023567232835030254
23,18,0.009598323583565115
23,19,0.00014010861430152039
23,20,0.000018745535816551638
23,21,0.00018842051381451024
23,22,9.12328253282257e-6
23,23,0.9701900759166894
23,24,0.00001496327276922062
23,25,0.000016277155617864017
23,26,0.000018301906496876132
23,27,5.597347717363016e-6
23,28,0.0015589634107601618
23,29,0.0017499651098735998
23,30,0.0003103813287314913
23,31,0.000047598011375016835
23,32,7.349744748478642e-6
23,33,0.000013719070060883226
23,34,7.782518005685547e-6
23,35,1.810595320890904e-6
23,36,5.298112190972878e-6
23,37,0.000010113496912477354
23,38,1.6953959011113244e-6
23,39,0.000011044098177172925
23,40,0.000028234033704050924
23,41,0.0016058880469721826
23,42,0.00001846950886481239
23,43,0.00005498067801719719
23,44,0.000010411725736332755
23,45,0.00034000191832391874
23,46,0.0003412857905537579
23,47,0.00003234208745814637
23,48,0.000020285681861908936
23,49,0.000020436904907524203
23,50,0.00007035231830920291
23,51,1.7808295756762431e-6
23,52,3.0069660547425845e-6
24,1,0.00011586299549483476
24,2,0.00002963250672588889
24,3,0.00003918824574256205
24,4,7.865514738616892e-6
24,5,0.0001891659725690166
24,6,0.0000375562435588226
24,7,1.7971159320044538e-6
24,8,0.0001133186960190981
24,9,0.0009853006036402866
24,10,0.0000838190481221409
24,11,0.000019008546449156834
24,12,7.495777233118961e-6
24,13,0.00002873254308626995
24,14,0.000014312326928748479
24,15,0.0011107570948474404
24,16,0.00005300556395145702
24,17,8.86544746749111e-6
24,18,0.000010859871608013677
24,19,0.00004630681877376752
24,20,0.00009384966298493184
24,21,0.000014904614308784532
24,22,0.00002361051026339708
24,23,0.000015735050006072868
24,24,0.9729278688797558
24,25,0.000033815972786379337
24,26,0.00012399519523659993
24,27,0.0012536317261672373
24,28,0.0014692695558924187
24,29,0.000013563027317205935
24,30,0.00004960558711241167
24,31,0.00009762626966462816
24,32,0.0030096222732671875
24,33,0.0036739114905105508
24,34,0.0022992501474538964
24,35,2.9216245958109765e-6
24,36,0.00041944375697902143
24,37,0.0007789266164921568
24,38,3.3167851445697795e-7
24,39,0.00031832727529801955
24,40,0.00024174777882673878
24,41,0.00005074140162423191
24,42,0.00009471090258362693
24,43,0.000019148871974504077
24,44,7.827365058955504e-6
24,45,0.00012233610738489204
24,46,0.00010388822821678087
24,47,0.003985646156546328
24,48,0.00013337832357905206
24,49,0.005586444743899509
24,50,0.000130151078332388
24,51,6.977582455975184e-7
24,52,2.194362319033183e-7
25,1,0.00003123049492457197
25,2,0.000028593123648331586
25,3,0.00006590369163942861
25,4,0.000011576195353113247
25,5,2.386822426148142e-6
25,6,0.000014209622936449457
25,7,0.000011368565251023194
25,8,0.023498086263774018
25,9,0.00004451512646678547
25,10,0.000014378100339616915
25,11,6.772777395828652e-6
25,12,0.00025792096222320863
25,13,0.0000327106587991739
25,14,0.000013301010302833575
25,15,8.41509455344547e-6
25,16,0.000014941160205791343
25,17,0.004642330324044164
25,18,0.000012537816903963586
25,19,0.00008288398977803247
25,20,0.0000456958539107894
25,21,4.262030637700681e-6
25,22,0.014942127618530837
25,23,0.000021743426476489013
25,24,0.00004141076510466701
25,25,0.9427189727948504
25,26,0.00009806120309783588
25,27,8.073734180262504e-6
25,28,0.0004433192949631881
25,29,9.839478267150523e-6
25,30,0.00006748529013782703
25,31,0.00017954244617998931
25,32,7.97396940841636e-6
25,33,0.000012192335194051864
25,34,0.000017227578342325063
25,35,1.1091014539605074e-6
25,36,6.844403385872038e-6
25,37,4.884920943970839e-6
25,38,5.874325988974904e-7
25,39,0.00002110376659318492
25,40,6.876059515400142e-6
25,41,0.00002728722836557628
25,42,0.00005344247475259479
25,43,0.009734666598721211
25,44,0.00018151262278012578
25,45,0.00005204271247296712
25,46,0.000307692356284726
25,47,0.00002481385786812564
25,48,0.00003488146633471494
25,49,9.803096811890382e-6
25,50,0.002120462280868887
26,1,0.017229886122961453
26,2,0.00002797349843510946
26,3,0.00010139200132568939
26,4,0.000012868547258736233
26,5,0.000016751109226260028
26,6,0.000030092264182121657
26,7,1.3623376964580822e-6
26,8,0.0004340418312989558
26,9,0.0036525731332416314
26,10,0.000048087935933239915
26,11,6.160522847609672e-6
26,12,0.00006545153085220903
26,13,0.000045221418864096964
26,14,0.00003092312942915034
26,15,0.00004912781900128931
26,16,0.0000308687400420331
26,17,0.000042368464891489554
26,18,0.000020535715496582784
26,19,0.00016964798780531873
26,20,0.0008807413653559587
26,21,3.7611791035795202e-6
26,22,0.0001616451671784606
26,23,0.000046769986552716316
26,24,0.00025283762857544555
26,25,0.00015776182887207836
26,26,0.9289812794392386
26,27,0.000032345975889613656
26,28,0.0010320741494692187
26,29,0.00001936769084981724
26,30,0.00008109343451701595
26,31,0.03934127600142924
26,32,0.00002435827103700988
26,33,0.00011621756184682891
26,34,0.00008817702426790076
26,35,6.015712816922203e-7
26,36,0.00003753096046048242
26,37,0.00007788628735676668
26,38,2.0737837601856386e-6
26,39,0.0005236277735948504
26,40,0.00004204865894859941
26,41,0.000041284924179373003
26,42,0.0009264030596870564
26,43,0.00007903271151645707
26,44,0.0001386971841791965
26,45,0.00011300278829896549
26,46,0.00026931532952238443
26,47,0.0001976449134071704
26,48,0.0018971405482583836
26,49,0.000058314967390949666
26,50,0.002360353723184796
27,1,0.000018616995478373534
27,2,0.00002080171090427356
27,3,0.00001312537482831501
27,4,1.8384486763692261e-6
27,5,0.000028672306257733328
27,6,0.000023894922670874947
27,7,6.373750873869002e-6
27,8,0.00004879089129150749
27,9,0.00008207083120669369
27,10,0.00002368956404213158
27,11,6.189353101746409e-6
27,12,3.102289302933312e-6
27,13,0.000010441766257923182
27,14,0.000010023085525381699
27,15,0.026153840436966135
27,16,0.00002876159620601551
27,17,4.880042270465592e-6
27,18,4.28488597932748e-6
27,19,0.000023661423679502932
27,20,0.00003472962246738028
27,21,2.1999821915489404e-6
27,22,0.000012855235599385405
27,23,4.8880882685779e-6
27,24,0.001775452059641333
27,25,8.365197298958426e-6
27,26,0.000022258655485533036
27,27,0.9412166598269693
27,28,0.00044499997633589496
27,29,4.902653588237608e-6
27,30,0.0000128087338564491
27,31,0.0000342987283223196
27,32,0.011344230121855401
27,33,0.011803947961722919
27,34,0.000041739997468812396
27,35,3.0870225372843208e-6
27,36,0.005916092108072241
27,37,0.000040929786089667285
27,38,2.2459475346110447e-6
27,39,0.00014701882941523388
27,40,0.000024440936481234813
27,41,0.000014672558373018684
27,42,8.350755763885047e-6
27,43,1.720440704055378e-6
27,44,5.164334203767136e-6
27,45,0.00006849785131416165
27,46,0.000026340699789372786
27,47,0.00018800275063066236
27,48,0.00006774276533746813
27,49,0.0001697607811873795
27,50,0.00003761896102027455
27,51,3.1255608051658333e-7
27,52,6.043988735850714e-7
28,1,0.000040317031532489016
28,2,0.00012428157932969038
28,3,0.00016149145840194736
28,4,0.00004324756810654712
28,5,0.0007825209638633497
28,6,0.00012059548683623226
28,7,0.0000642926204529582
28,8,0.00025233995324659843
28,9,0.00014025686325140645
28,10,0.00017138342661068934
28,11,0.00006525756039304072
28,12,0.00003235171040608247
28,13,0.0005268121361432212
28,14,0.00006912576004195274
28,15,0.00007403536074814883
28,16,0.0003947150255476877
28,17,0.000018869184969281562
28,18,0.00007274118609614342
28,19,0.0046552342651898105
28,20,0.00004708145052747651
28,21,0.000020621987440251217
28,22,0.00002281457861685922
28,23,0.00012116015384269001
28,24,0.00008825001340097907
28,25,0.000023605810693137836
28,26,0.000037784201738590124
28,27,0.00002039265109562223
28,28,0.9807275432337462
28,29,0.00011961198341462899
28,30,0.00015066044041260723
28,31,0.00007433836343168356
28,32,0.00002716633046456384
28,33,0.00008449086352260178
28,34,0.00003948544610538025
28,35,0.00006370412732052859
28,36,0.00005461310453831817
28,37,0.00011985445179855683
28,38,0.00004659415272749779
28,39,0.0000721499516024344
28,40,0.0005611401052197424
28,41,0.0001349134950056547
28,42,0.00005609542246862535
28,43,0.000026966901239048023
28,44,0.00001179308409394311
28,45,0.008582285415306047
28,46,0.00027553923480515697
28,47,0.00021538436908568882
28,48,0.00007877794994770976
28,49,0.00010016921720720141
28,50,0.000180642084810285
28,51,8.446469559463261e-7
28,52,3.6556362474166785e-6
29,1,3.819734360499335e-6
29,2,0.00001288509608361583
29,3,0.00005211952152739078
29,4,0.0004551844646991951
29,5,3.1039381430626275e-6
29,6,0.000045194495806554424
29,7,0.000020929495173719254
29,8,0.00007867461951427193
29,9,7.790702691563293e-6
29,10,0.000012423633072848382
29,11,0.004478687102265427
29,12,9.107804984922395e-6
29,13,0.0000681500597238847
29,14,0.0022470179288793407
29,15,3.066000298770243e-6
29,16,7.727754207999692e-6
29,17,6.291608595003031e-6
29,18,0.0029913396241756495
29,19,0.00001052054789917384
29,20,3.5999639150381045e-6
29,21,0.0000902516241395557
29,22,1.52158934372144e-6
29,23,0.00045403352952702846
29,24,3.400810132757178e-6
29,25,3.121386685800548e-6
29,26,2.4953167337569646e-6
29,27,8.307958054543335e-7
29,28,0.00045562697470801877
29,29,0.9856969842853698
29,30,0.00011781993958057946
29,31,9.667869774382597e-6
29,32,9.79402942486306e-7
29,33,4.212867859012121e-6
29,34,1.651506162163716e-6
29,35,0.000018265535727167874
29,36,2.7824535191775712e-6
29,37,7.723113468758707e-6
29,38,0.000013376130871879321
29,39,2.9193195063288694e-6
29,40,3.6469285145607774e-6
29,41,0.0023582921415809923
29,42,2.159790490624776e-6
29,43,7.2894789732338574e-6
29,44,8.469548117307768e-7
29,45,0.00003641413756162599
29,46,0.00005706133569170596
29,47,7.4842785799319285e-6
29,48,0.00001225222024469227
29,49,2.6356294449071218e-6
29,50,0.000012729762660720011
29,51,0.000026949528981957005
29,52,0.00006693926458758062
30,1,0.000010790581489609744
30,2,0.0024181330205713574
30,3,0.017171170442984114
30,4,0.00450386657027734
30,5,5.5751808446918175e-6
30,6,0.000024387080989871028
30,7,3.903373455218686e-6
30,8,0.0002092838398417308
30,9,0.00001729043420247889
30,10,0.000011807773956692242
30,11,0.000057775791603378376
30,12,0.00018614645685139638
30,13,0.00009860467925541811
30,14,0.00004371435346137822
30,15,8.07248562474872e-6
30,16,0.00014038104302109927
30,17,0.00011012791163244427
30,18,0.0005360556502232914
30,19,0.00003027736599171478
30,20,6.805614281168734e-6
30,21,0.000026701852224357985
30,22,7.973564628248072e-6
30,23,0.00010644571853656513
30,24,0.000011408785663585857
30,25,0.00001672620339549617
30,26,0.00002255705613395312
30,27,2.102815776349338e-6
30,28,0.0006342813933506309
30,29,0.00015207660632970643
30,30,0.9713937681881875
30,31,0.00013931525460735112
30,32,2.9875553195001897e-6
30,33,9.110164795874496e-6
30,34,3.62672600101682e-6
30,35,4.672462249738065e-6
30,36,4.314637475537929e-6
30,37,0.00001031869022360872
30,38,2.94180198223338e-6
30,39,0.000011136112430804692
30,40,0.00001605666024731349
30,41,0.00010636646948345204
30,42,2.604753604754112e-6
30,43,0.00008907755616753069
30,44,0.00006086321847347755
30,45,0.00012206319563175687
30,46,0.0012985164392315617
30,47,0.000023004558897659597
30,48,0.000011015790387747087
30,49,0.000015937125806223112
30,50,0.0000961276348570002
30,51,4.0252797551068215e-7
30,52,1.3288293649994507e-6
31,1,0.0032283567269443016
31,2,0.000033274594394697985
31,3,0.0001121359069089479
31,4,0.000013026743313703439
31,5,9.306649798241844e-6
31,6,0.00001759538623564103
31,7,5.564818982537227e-6
31,8,0.0004168588713327381
31,9,0.0004235820546838174
31,10,0.000024920388948717365
31,11,0.00002401836110895528
31,12,0.00009896962415174893
31,13,0.000044876352496986226
31,14,0.000026413180512826125
31,15,0.0000284669814107338
31,16,0.000028378232454795394
31,17,0.00003127478614578097
31,18,0.00002312858095234083
31,19,0.0002690209446748573
31,20,0.006649155315587199
31,21,6.005408347678066e-6
31,22,0.0004020605847961107
31,23,0.0000424842911591677
31,24,0.0001118143117325563
31,25,0.00015116123263686374
31,26,0.020341628061466714
31,27,0.000012155171067722682
31,28,0.0009670230920653968
31,29,0.000021979752947776557
31,30,0.00012871071521145802
31,31,0.9546235879463291
31,32,0.000021213594921253877
31,33,0.00009104277870323391
31,34,0.0000574426390205955
31,35,5.282467813789143e-6
31,36,0.000025572952051389343
31,37,0.00003963852795573918
31,38,3.5342045382220655e-6
31,39,0.00023676604002252695
31,40,0.00001905229956762829
31,41,0.00003811090996435932
31,42,0.0005029973411260884
31,43,0.00008666189463382601
31,44,0.00015324319853132268
31,45,0.00010812775910510457
31,46,0.00028753827292209573
31,47,0.00011284052266499708
31,48,0.0013525258610506967
31,49,0.00003192403021981372
31,50,0.00850933728867486
31,52,2.1234771258909985e-7
32,1,0.00005166301569161102
32,2,0.000013240674502783012
32,3,0.000010485395245039079
32,4,4.9771153193778796e-6
32,5,0.000032160607560450406
32,6,0.000029281440529903053
32,7,2.360450276095355e-6
32,8,0.00006418585000674782
32,9,0.00009057069651353966
32,10,0.000030374404116807273
32,11,8.485088749896063e-6
32,12,4.2773772620219845e-6
32,13,0.000019001962291430754
32,14,4.591780462007433e-6
32,15,0.005380641889375806
32,16,0.000026418223628143174
32,17,5.450260277294529e-6
32,18,2.251837494352962e-6
32,19,0.00002275328067622569
32,20,0.0000568950376988311
32,21,2.086681928020509e-6
32,22,5.279281648071458e-6
32,23,0.000016744597106942542
32,24,0.004095628582609965
32,25,0.000012415065455552415
32,26,0.000022395120112344836
32,27,0.01167884185836044
32,28,0.000629549051470007
32,29,6.27603810895677e-6
32,30,0.000012064500191094068
32,31,0.000040553750991225684
32,32,0.9537158990688722
32,33,0.000171842552336273
32,34,0.000048230404509807693
32,35,2.840220022952776e-6
32,36,0.021719712583982427
32,37,0.00009012755298834214
32,38,2.178838227680721e-6
32,39,0.00004622237612691838
32,40,0.000026209099717375774
32,41,0.00002293425978302182
32,42,0.000026178845108009302
32,43,2.9189579602998246e-6
32,44,2.6384804310683976e-6
32,45,0.0000471858820547762
32,46,0.00002360990386276505
32,47,0.00021249563296550249
32,48,0.00005190627625367201
32,49,0.0013478631436041632
32,50,0.000057105005531756595
33,1,0.000060128268755680685
33,2,0.00001378269357377282
33,3,0.000011825261374223573
33,4,3.145256875340716e-6
33,5,0.000020021205067999728
33,6,0.000017920857214393314
33,7,6.6238585632627724e-6
33,8,0.00004461684942368106
33,9,0.00009927569677350493
33,10,0.000021672768274049564
33,11,6.216352323752623e-6
33,12,5.2978139595567275e-6
33,13,0.000010227511448484875
33,14,7.415534706302033e-6
33,15,0.00041523809540480733
33,16,0.000011764294549678735
33,17,6.117716202989957e-6
33,18,5.014737994881405e-6
33,19,0.000010854733689457816
33,20,0.00009283874880813061
33,21,5.4780108332909775e-6
33,22,0.00001414144446388568
33,23,6.362463141328251e-6
33,24,0.0015746713243241712
33,25,6.415603755635514e-6
33,26,0.000029069222550433603
33,27,0.0036845238838861248
33,28,0.0005523378403846782
33,29,8.172038178868698e-6
33,30,0.000014426176221801322
33,31,0.000059389306342753793
33,32,0.000060430101753156874
33,33,0.9902325251549721
33,34,0.00007191044069800112
33,35,5.905321912261826e-6
33,36,0.00015315991747631144
33,37,0.000056620444904243495
33,38,5.1264005515271e-6
33,39,0.0018937004978184003
33,40,0.000017543776175674437
33,41,0.000019538994094403727
33,42,5.413771229919537e-6
33,43,6.839719671087898e-6
33,44,3.2609683638944133e-6
33,45,0.000030636702505997265
33,46,0.00003234991813848054
33,47,0.00014383857768625877
33,48,0.0002691843380165474
33,49,0.00012452778553367447
33,50,0.00004169062294791467
33,52,8.109764829970139e-7
34,1,0.0004177802561859517
34,2,0.00006522313225375054
34,3,0.00004969075633301465
34,4,9.47871237066953e-6
34,5,0.00045617456961931987
34,6,0.00006048433542748707
34,8,0.0001398164612183218
34,9,0.012992032714063089
34,10,0.0001305783664748598
34,11,0.000016664798360754993
34,12,0.00001142043416047131
34,13,0.00006241673456609898
34,14,0.000013587577656041318
34,15,0.000120463849293049
34,16,0.000039242488238610804
34,17,0.00002111384718804086
34,18,0.000013356282680023544
34,19,0.00009218824823452792
34,20,0.00026754647807517614
34,21,0.000017154330774728946
34,22,0.000035519021353423515
34,23,0.000029568373099004032
34,24,0.007113013558435989
34,25,0.00004129496312454693
34,26,0.00018114200263877103
34,27,0.00010952791331490906
34,28,0.0018448078896791563
34,29,0.000022222963000085794
34,30,0.00004820864124686781
34,31,0.0002627965872939968
34,32,0.00010764828038203123
34,33,0.0004576150124546476
34,34,0.9275831182572067
34,35,1.1630007359216948e-6
34,36,0.00013087044513663466
34,37,0.0010516133266004776
34,38,2.828772050506766e-6
34,39,0.00743677636899748
34,40,0.0006964998384855359
34,41,0.00007747952854640701
34,42,0.00038370988160090484
34,43,0.000041915199108201295
34,44,0.000038329334554574485
34,45,0.00013534177510026392
34,46,0.00013588537889113855
34,47,0.03489446646515256
34,48,0.0005365192285558735
34,49,0.0013523294247027487
34,50,0.00025069746412691163
34,52,6.767312498641764e-7
35,1,2.7372735539763797e-6
35,2,3.4308844544542098e-6
35,3,9.001194515245483e-6
35,4,2.13664341712034e-6
35,5,1.170389102163682e-6
35,6,1.9510825251239415e-6
35,7,0.000014939054029075288
35,8,0.00009136739435255591
35,9,1.6255218717436682e-6
35,10,2.9461825778792444e-6
35,11,0.000010666802169223232
35,12,2.8146629292278464e-6
35,13,2.1168676161681007e-6
35,14,4.191312411160105e-6
35,15,0.00001697538283179863
35,16,5.093965880623225e-7
35,17,3.985163318960184e-6
35,18,0.000011588652744281483
35,19,2.226252167411512e-6
35,20,3.0994812037188996e-6
35,21,1.7611591604357712e-6
35,22,1.1095370596162235e-6
35,23,2.8486724102126735e-6
35,24,3.1052904148033497e-6
35,25,1.4866127285327404e-6
35,26,5.782613355538469e-7
35,27,2.639585326199938e-6
35,28,0.0002905273378924594
35,29,0.000018720160462126517
35,30,9.60111241166205e-6
35,31,4.716011039914225e-6
35,32,3.086349270616121e-6
35,33,0.000010215275116868053
35,34,4.799832836634691e-7
35,35,0.9982466921552761
35,36,0.000014690704690836605
35,37,3.7486661067846366e-6
35,38,0.0011048271805213438
35,39,4.440262702269595e-6
35,40,1.7182355452006668e-6
35,41,0.000028048473656713616
35,42,6.41906696074864e-8
35,43,4.705405334620189e-6
35,44,3.054509897220312e-7
35,45,6.776778592716977e-6
35,46,0.000016236533534657408
35,47,3.9780743008360686e-6
35,48,0.000011339557779332737
35,49,4.194317175514131e-7
35,50,9.314257574664379e-6
35,51,2.1017770218567706e-7
35,52,2.1295210127256096e-6
36,1,0.000010903880018604527
36,2,2.7852924106213224e-6
36,3,7.863817147367547e-6
36,4,2.8559363606389087e-6
36,5,0.000010889766137630234
36,6,7.843590564421978e-6
36,7,4.676055493540177e-6
36,8,0.00004137227026868017
36,9,0.000034899577363226075
36,10,0.000013083778874440966
36,11,6.477911065673583e-6
36,12,3.215156994979133e-6
36,13,6.027211113011253e-6
36,14,2.9379235970381464e-6
36,15,0.02637736362106778
36,16,6.4458690770884226e-6
36,17,4.430665297128386e-6
36,18,2.4097339651180445e-6
36,19,9.365566385931715e-6
36,20,0.000029071575728685077
36,21,2.1154670013180867e-6
36,22,1.879245857863215e-6
36,23,2.6871785743060032e-6
36,24,0.00016368211916008746
36,25,4.873960431955585e-6
36,26,0.000013088810671795368
36,27,0.0018115019128117382
36,28,0.00035973679735525673
36,29,5.635824248175886e-6
36,30,7.2200576907792315e-6
36,31,0.000016988018774771028
36,32,0.00644881133672812
36,33,0.00015617291327219942
36,34,0.000017214039657416113
36,35,0.000014344747291453807
36,36,0.9639674084655926
36,37,0.000027926674103980416
36,38,7.794900159898752e-6
36,39,0.00003836169000268268
36,40,8.335687921491355e-6
36,41,0.000011290359327995505
36,42,5.504947820197446e-6
36,43,3.4417990871741415e-6
36,44,8.893732884380901e-7
36,45,0.000020236373208098195
36,46,0.000015254794433713438
36,47,0.00006591812321490719
36,48,0.000028043026652681573
36,49,0.00017183095967315197
36,50,0.000016745635232580892
36,52,1.4556182173866604e-7
37,1,0.00010811354561524652
37,2,0.00004834498202384503
37,3,0.00003911891804780073
37,4,0.000012306503501887426
37,5,0.006663150395226602
37,6,0.0005990851443529134
37,7,1.1970587277445164e-6
37,8,0.0000701515473437901
37,9,0.0006997773038462688
37,10,0.006267257442631089
37,11,0.00007425328018911632
37,12,0.000018769279666739463
37,13,0.00004085078780401091
37,14,0.00003786718574836204
37,15,0.00010257581028440109
37,16,0.00005641088630818536
37,17,0.000012777236204350975
37,18,0.0000201926824814156
37,19,0.00007816741293535344
37,20,0.00008351228330465047
37,21,0.0000804621729864797
37,22,0.000011378942733712184
37,23,0.000018193429710384897
37,24,0.001080989974953051
37,25,0.000022371345565487463
37,26,0.00006298966944244296
37,27,0.00005056517902287477
37,28,0.002570820549254124
37,29,0.00004574296999944474
37,30,0.000057539051835712716
37,31,0.00006073648830509911
37,32,0.00008662845189709865
37,33,0.0002056195183453255
37,34,0.000518792886927518
37,35,2.6979945169302347e-6
37,36,0.00008366581929363863
37,37,0.9631615973554559
37,38,3.4988385954833155e-6
37,39,0.00014689254254322945
37,40,0.0007872233393846116
37,41,0.00025126556087692756
37,42,0.00011530035286533313
37,43,0.000012123178291120146
37,44,7.349747993382731e-6
37,45,0.00028780501131137266
37,46,0.00009495471937964704
37,47,0.006079415069871261
37,48,0.00013270544817035914
37,49,0.00884520135079284
37,50,0.00008027844278629246
37,51,1.0146784922904706e-6
37,52,3.002321566615824e-7
38,2,2.550486846179639e-6
38,3,0.000010711244525436466
38,4,2.0061456423423444e-6
38,5,1.5392630905678288e-6
38,6,3.2653906887907e-6
38,7,0.00001375682012053549
38,8,0.000062363579813935
38,9,2.9304095806695405e-6
38,10,1.9525204216834986e-6
38,11,8.344438615253418e-6
38,12,1.8072529320400987e-6
38,13,1.1639980329011476e-6
38,14,4.887352317847443e-6
38,15,0.000011699576294959676
38,16,9.953802219498428e-7
38,17,2.7520552431675654e-6
38,18,8.638702213486494e-6
38,19,3.320576726682859e-6
38,20,3.919633245754634e-6
38,21,2.59719987623381e-6
38,22,5.924044646726644e-7
38,23,2.5131634944020703e-6
38,24,1.7397537804184668e-6
38,25,9.253168705877637e-7
38,26,1.3353163054148531e-6
38,27,1.602315151818355e-6
38,28,0.0002551485397585809
38,29,0.000014455682230470842
38,30,9.086049774967846e-6
38,31,3.0301532343412943e-6
38,32,2.2203368390187364e-6
38,33,5.541532937619578e-6
38,34,1.115228688079279e-6
38,35,0.001216855579229971
38,36,0.000011305185032465711
38,37,2.6485458082344844e-6
38,38,0.9982394017655669
38,39,4.22209732818176e-6
38,40,1.7421197811451578e-6
38,41,0.00002758749414857109
38,42,3.9638564006985187e-7
38,43,2.479073264036361e-6
38,44,9.637427043793411e-8
38,45,4.0900967850215245e-6
38,46,0.000016681122694093734
38,47,2.66379474485519e-6
38,48,7.907756638199709e-6
38,49,4.4121577949336135e-7
38,50,9.56992789217179e-6
38,51,3.8399820171022155e-7
38,52,1.019647213696361e-6
39,1,0.0006089519303099984
39,2,0.00001626614614682656
39,3,0.000020411890934210198
39,4,1.4689080780773325e-6
39,5,0.000023758745641442855
39,6,0.000018890836394688728
39,7,4.9141468243723605e-6
39,8,0.00009805356844570547
39,9,0.0027937754524024997
39,10,0.000025944830451858882
39,11,5.177035986525667e-6
39,12,0.000013121833598111362
39,13,0.00001812872518458684
39,14,7.905547345259587e-6
39,15,0.00012369356340041874
39,16,0.00002136115424419562
39,17,6.88364745197008e-6
39,18,5.691625625869242e-6
39,19,0.000027066484885782643
39,20,0.0005628572667982437
39,21,4.699494824097803e-6
39,22,0.000025343404934238018
39,23,0.00001087695202354221
39,24,0.00024325940073903731
39,25,0.000022655671614074175
39,26,0.0002730608450811131
39,27,0.00009005606269170317
39,28,0.0008160988842396059
39,29,8.554401204159479e-6
39,30,0.000013409212050645602
39,31,0.0002325687021258231
39,32,0.000025068675537194124
39,33,0.0034142972019159043
39,34,0.0018011393174941308
39,35,5.794435710991332e-6
39,36,0.00006044536520773242
39,37,0.00008414457266613905
39,38,5.870959126621972e-6
39,39,0.9730288703897407
39,40,0.000051052059770973854
39,41,0.00001157157164804387
39,42,0.0000291886953360584
39,43,0.00001713623490699329
39,44,0.000017988731819115752
39,45,0.00003965831631867762
39,46,0.00004365335086764365
39,47,0.0003494427395740401
39,48,0.01467543561777997
39,49,0.00004821932289106829
39,50,0.0001459775370144366
39,51,1.3853299494378758e-7
40,1,0.00015921378615112581
40,2,0.00020027080626563507
40,3,0.00017344852173304358
40,4,0.000028570907429440483
40,5,0.013538475441046544
40,6,0.0000738198964885581
40,7,2.4788487407211923e-6
40,8,0.00016827561799264158
40,9,0.004646771236250093
40,10,0.00011424732014541465
40,11,0.000035277688881666576
40,12,0.00005478872403381322
40,13,0.00023103757830845553
40,14,0.00004631026598800961
40,15,0.00011959946637788018
40,16,0.00032761170400491166
40,17,9.190356200776611e-6
40,18,0.000053708427805120405
40,19,0.0010961879487270895
40,20,0.0001338413486057835
40,21,0.000010685388433613328
40,22,0.0000508046994336948
40,23,0.00012808357257938213
40,24,0.0008900477865428874
40,25,0.000041601894236684745
40,26,0.00015143477726406197
40,27,0.00006175197786214264
40,28,0.030320282453145386
40,29,0.00006248981142593518
40,30,0.00025842571582724547
40,31,0.00013600390062739118
40,32,0.00007011874074729715
40,33,0.0001326643421193153
40,34,0.0008761006458276541
40,35,0.000010724694986535262
40,36,0.00008001488587341382
40,37,0.0019412455239566342
40,38,5.357679119680112e-6
40,39,0.00027582779880267833
40,40,0.9060982104155373
40,41,0.00006383614731487363
40,42,0.0017203969879912282
40,43,0.000030382697455325452
40,44,0.00004802511521915163
40,45,0.0011461279039965007
40,46,0.0003308312680215166
40,47,0.032559183822846546
40,48,0.000296151822569952
40,49,0.0007421262773917476
40,50,0.0002479353616679544
41,1,6.363548536002388e-6
41,2,0.00002706051119527323
41,3,0.000043366847758942735
41,4,0.00010769140652355109
41,5,4.56479980086294e-6
41,6,0.0008885970380722915
41,7,0.00003175234671283809
41,8,0.00009663897949238591
41,9,0.000012818612192827058
41,10,0.0001370187260465913
41,11,0.005964319764521672
41,12,0.000020369532367900835
41,13,0.00014446155143224034
41,14,0.005009265326276079
41,15,0.000010624305404492311
41,16,0.00001876264861455517
41,17,8.038124126494864e-6
41,18,0.00043336088187092376
41,19,0.000018277515305356543
41,20,6.9416936407525165e-6
41,21,0.005010999899633158
41,22,3.422081379684041e-6
41,23,0.00039772855123078137
41,24,8.433042823495159e-6
41,25,4.8555542959555485e-6
41,26,4.664706471744724e-6
41,27,2.378368718384893e-6
41,28,0.0004459460927255152
41,29,0.0021702165807132834
41,30,0.00007601676338464079
41,31,9.153045084013376e-6
41,32,3.1839647895102484e-6
41,33,0.00001007697290909492
41,34,5.964052629878738e-6
41,35,0.00002655696733382288
41,36,7.1730170713543295e-6
41,37,0.000030101485424851633
41,38,0.00002136718958692526
41,39,4.079572041317329e-6
41,40,5.234474557257952e-6
41,41,0.9785073728180399
41,42,3.801299522850037e-6
41,43,0.0000152787240538264
41,44,1.483720500870336e-6
41,45,0.000059208285183903314
41,46,0.00010071745445659581
41,47,0.00001892123801256316
41,48,0.000017177982488986135
41,49,9.394046042476042e-6
41,50,0.000019544733814691223
41,51,5.396268001652305e-6
41,52,3.8568871847594645e-6
42,1,0.0002156440168480513
42,2,0.000082402821427601
42,3,0.00007378845603908453
42,4,0.000020782739730532503
42,5,0.0002802826732326497
42,6,0.00007018608160991335
42,7,3.0365931980745914e-6
42,8,0.0010611064822621775
42,9,0.014393353510573937
42,10,0.00007601895797595882
42,11,0.00001542232767781643
42,12,0.00022365163260254918
42,13,0.000248262072978325
42,14,0.00006130636994506257
42,15,0.00009381252164142831
42,16,0.00016007834436245928
42,17,0.00010823833085186927
42,18,0.00007177607291406427
42,19,0.0024285854926827427
42,20,0.00028372629510049746
42,21,7.733544725689757e-6
42,22,0.000393466042052052
42,23,0.00010345356279391627
42,24,0.0006358891692713076
42,25,0.0003723456923344756
42,26,0.003652088827443126
42,27,0.000029551874641199604
42,28,0.005875517835088812
42,29,0.00007375621238863633
42,30,0.00006001700326420616
42,31,0.0038224798292300515
42,32,0.0000362786587987832
42,33,0.00009646332904531922
42,34,0.0007232049746845236
42,35,6.3115997409324056e-6
42,36,0.00006154838699195451
42,37,0.0005242303561124987
42,38,1.1253034006356384e-6
42,39,0.00020693804155855607
42,40,0.002791345337407556
42,41,0.00008627604252053549
42,42,0.942562295120064
42,43,0.0001505114636060021
42,44,0.00028442522364109153
42,45,0.000596236876293002
42,46,0.00039785023017032154
42,47,0.003070074625362744
42,48,0.00033408025566249855
42,49,0.00042374908888429333
42,50,0.012649293699166831
43,1,0.000025349295097917613
43,2,0.00007632695880719265
43,3,0.0002082582286638
43,4,0.00004471464934031066
43,5,2.6670966158971167e-6
43,6,7.496743656682392e-6
43,7,0.000012146904045405821
43,8,0.03891337753325288
43,9,0.000028242050118466108
43,10,2.733326893344583e-6
43,11,8.901991904643801e-6
43,12,0.005649462186185556
43,13,0.0000527961732874336
43,14,0.00002401950776337993
43,15,3.871090997784305e-6
43,16,0.000058626759291336434
43,17,0.0008860008112026663
43,18,0.00002537215810171396
43,19,0.00004345170518259113
43,20,0.000017991902470873013
43,21,7.083222308570223e-6
43,22,0.00037801866917637174
43,23,0.000041556991782680504
43,24,0.00001960609368610426
43,25,0.005075740476235188
43,26,0.00005157390336067591
43,27,1.6419574139928566e-6
43,28,0.00029574738510024923
43,29,0.000016887606386612878
43,30,0.0001605305660173341
43,31,0.00009393163888476685
43,32,1.967834152100912e-6
43,33,7.603833892173731e-6
43,34,7.4937348779537076e-6
43,35,3.047149943829699e-6
43,36,2.41175902353934e-6
43,37,5.488569582367245e-6
43,38,2.5794520058930183e-6
43,39,0.000012854951400181477
43,40,5.9714228501965606e-6
43,41,0.00003269312964797489
43,42,0.000019445718350782095
43,43,0.9447224347614278
43,44,0.0008045093579985209
43,45,0.000032894234932383565
43,46,0.0011529644545770368
43,47,0.000013220016552595241
43,48,0.00003208600638956763
43,49,0.000010370350215074858
43,50,0.0008958376789473539
44,1,0.00014433678822431886
44,2,0.00020798973917530325
44,3,0.0008251409387597275
44,4,0.00008636734579851212
44,5,0.000015355764595614156
44,6,0.000030014716308989626
44,7,0.00001755794907050669
44,8,0.0013655137720928975
44,9,0.00021603498207718331
44,10,0.00003757689447952962
44,11,7.270025249190644e-6
44,12,0.012822429123276908
44,13,0.00013225362352309043
44,14,0.00004801157985174762
44,15,0.00003093365066712659
44,16,0.0007358980409140817
44,17,0.0002189023130415888
44,18,0.000039895696535325535
44,19,0.0014023149921929198
44,20,0.0001061863971034536
44,21,3.514817350283e-6
44,22,0.0022831998958358357
44,23,0.00005166250179384231
44,24,0.00005257884803334289
44,25,0.0007505390280392792
44,26,0.000419081566899546
44,27,0.00001563452019696422
44,28,0.0007738981689117725
44,29,0.000011937468846235553
44,30,0.0005063611483961953
44,31,0.0011435247469719155
44,32,0.000011574218783526023
44,33,0.000023746292972022824
44,34,0.000028598254203604224
44,35,1.4668542976556819e-6
44,36,9.828913369065724e-6
44,37,0.000032848401731124035
44,38,3.667668592093719e-6
44,39,0.00005724096315084277
44,40,0.000020490287485363557
44,41,0.00006401863689005713
44,42,0.0002078254697630384
44,43,0.006454333988298637
44,44,0.9104318508494634
44,45,0.0001481982612295851
44,46,0.009892487763003999
44,47,0.00008499396825630641
44,48,0.00014458753124748844
44,49,0.00001760072914914098
44,50,0.04786272390389988
45,1,0.00003615613250760022
45,2,0.0010466737259319254
45,3,0.0002468782537886013
45,4,0.00006770659387565362
45,5,0.0032047178961141258
45,6,0.0005107912174481864
45,7,3.489937311633213e-6
45,8,0.00018429114677776304
45,9,0.00013483732742919125
45,10,0.002773775960731297
45,11,0.00008285782741692464
45,12,0.000042433040898440754
45,13,0.010854448315396706
45,14,0.00020745430457622783
45,15,0.00002925573767799792
45,16,0.00401812864172164
45,17,0.00002008394526634325
45,18,0.0001366186867137868
45,19,0.001237731700629618
45,20,0.00003110377352589729
45,21,0.000039430457719087106
45,22,0.000032985183285959784
45,23,0.00033561259766510463
45,24,0.00006633337022008928
45,25,0.000032406638798666315
45,26,0.00004608155773861612
45,27,0.000017290608202467097
45,28,0.0956648687452676
45,29,0.00012715016340480615
45,30,0.00029803837081149423
45,31,0.00009153285924134129
45,32,0.000023767142470759357
45,33,0.000052072780690604664
45,34,0.000029243029462334368
45,35,0.00001474257533140905
45,36,0.00003187294124814439
45,37,0.00015908631317983028
45,38,9.076041351206294e-6
45,39,0.00003711825132486644
45,40,0.00022801534238762303
45,41,0.0002598211082453068
45,42,0.00005860634753050116
45,43,0.000027271712045661325
45,44,0.000030968805149447885
45,45,0.8762633644893282
45,46,0.0005660459215578825
45,47,0.0001829738392711189
45,48,0.00005804637841638319
45,49,0.00011094666585291652
45,50,0.00023442135199740105
45,51,1.2018171429879966e-6
45,52,1.7242792056428262e-7
46,1,0.000030263110417937046
46,2,0.0009645193635517287
46,3,0.009118782258021088
46,4,0.00011668411935750104
46,5,0.0000101346607304421
46,6,0.0000224887572137212
46,7,0.00023437988568057234
46,8,0.0004897244779541957
46,9,0.000025463017761170566
46,10,9.3778927596747e-6
46,11,0.000020707652147390686
46,12,0.0081557361279177
46,13,0.00015695762354097674
46,14,0.00003796054670478371
46,15,9.528168825826145e-6
46,16,0.0007916537669578565
46,17,0.00007699880836441125
46,18,0.00006776254085459404
46,19,0.000050055350973945186
46,20,0.000015311321664260884
46,21,0.000024004151352861978
46,22,0.000022927291848745423
46,23,0.00007476068866125509
46,24,0.000020614243726267825
46,25,0.0000461482412368469
46,26,0.00003302168407740785
46,27,2.32996451897643e-6
46,28,0.0007237889345911441
46,29,0.00004859307975843779
46,30,0.0008869877736761531
46,31,0.00007886215000528206
46,32,3.412466598750453e-6
46,33,0.000015095396836345033
46,34,5.780563825306824e-6
46,35,8.852804639818236e-6
46,36,6.5009383161316505e-6
46,37,0.000010457488573070994
46,38,5.17752771501916e-6
46,39,0.000012454994347192143
46,40,0.000015533053359695614
46,41,0.00008761219291834456
46,42,0.000011142047438086812
46,43,0.0003072298939838967
46,44,0.0003353871113210094
46,45,0.00013406570542958535
46,46,0.9763490562077497
46,47,0.00003688943741581992
46,48,0.000025279696369909253
46,49,0.00001693331289533815
46,50,0.00024610266519243894
46,51,1.8124791466422112e-7
46,52,3.2759230661265336e-7
47,1,0.00019205741451676074
47,2,0.00005043578972298066
47,3,0.00006357107514419746
47,4,0.00001358311181015236
47,5,0.00289891112960019
47,6,0.00007943586135424755
47,7,2.5919871665846994e-6
47,8,0.0001162909056582809
47,9,0.003731779341884028
47,10,0.0001615981471887613
47,11,0.00003397869579430994
47,12,0.000018329330063625435
47,13,0.0000692260402068762
47,14,0.000020678551785808845
47,15,0.00011739246076422599
47,16,0.00007734820473992741
47,17,0.000013094767545139399
47,18,0.000024031964762467862
47,19,0.00010086566346794905
47,20,0.0001127343248500513
47,21,0.000024511947778556354
47,22,0.000018389804505531905
47,23,0.00003114512637892647
47,24,0.003433597827122895
47,25,0.00002553038996673336
47,26,0.00011518908761997917
47,27,0.0001060457989887189
47,28,0.002698203871604896
47,29,0.00003438708232982821
47,30,0.00006519478761615194
47,31,0.00013423425102312877
47,32,0.00013350458744167343
47,33,0.0002967588140754262
47,34,0.009886953229213081
47,35,1.7337759562243363e-7
47,36,0.00014989452844659234
47,37,0.0035312539016129794
47,38,1.0698717570331828e-6
47,39,0.00039019371993396465
47,40,0.007434808240115683
47,41,0.00006495851660094676
47,42,0.0004121719726492871
47,43,0.0000118981886856943
47,44,0.000013241457506616155
47,45,0.0002022489355721459
47,46,0.0001359023201835599
47,47,0.956047827037253
47,48,0.00020049065432033216
47,49,0.006348577883614428
47,50,0.00015370802045998138
48,1,0.009347478544203048
48,2,0.000010442371662260405
48,3,0.00001768724733424323
48,4,1.439452895259028e-6
48,5,7.670857063454e-6
48,6,8.930725371639349e-6
48,7,0.000011002332156931812
48,8,0.00013506310482615784
48,9,0.0018452774822648082
48,10,0.00001596295890146404
48,11,6.979815963752918e-6
48,12,0.000014092241276296366
48,13,0.000012212730317016315
48,14,3.690888866626881e-6
48,15,0.00004665404310403435
48,16,8.070495142438339e-6
48,17,5.760110811652431e-6
48,18,4.936802801763274e-6
48,19,0.000017560728500595895
48,20,0.010457538769389926
48,21,4.035308720969597e-6
48,22,0.000030184776498929413
48,23,0.000010522930343481763
48,24,0.0000592824938843992
48,25,0.00002058199091012359
48,26,0.0004978498982091496
48,27,0.00001729209764694071
48,28,0.0004567202580887447
48,29,0.000017448738847651646
48,30,0.000013061452163185692
48,31,0.0006771482799908871
48,32,0.00001442573978521165
48,33,0.0002073404832554206
48,34,0.00006715836160115696
48,35,0.000013072630337564982
48,36,0.00002732197755267559
48,37,0.00003311581856666723
48,38,5.9573065268509774e-6
48,39,0.008057193750884402
48,40,0.000034759646157825736
48,41,0.000027869426808408264
48,42,0.000025042131407256257
48,43,0.000013598530421244834
48,44,0.000025977306770588772
48,45,0.000030991048188347716
48,46,0.000052805659077863324
48,47,0.00009767713803695544
48,48,0.9672184293324397
48,49,0.00002222518254387759
48,50,0.00024180296608603842
48,52,6.556353941999624e-7
49,1,0.00017909131611835842
49,2,0.00009116915834895181
49,3,0.00007650252185137626
49,4,0.000015212587414692555
49,5,0.0006497870285464121
49,6,0.00022344376665761595
49,7,7.518088773570129e-7
49,8,0.00016515735188270237
49,9,0.0010389738575737864
49,10,0.00037915887095336676
49,11,0.00005346788932470842
49,12,0.000017394161574565542
49,13,0.00007641129779137825
49,14,0.00004567724312544153
49,15,0.0014481172038243264
49,16,0.00010034451517788467
49,17,5.182399832091401e-6
49,18,0.00002758208689023879
49,19,0.0001320395809443104
49,20,0.00014745719025352006
49,21,0.000023994900457625284
49,22,0.000033974273823506645
49,23,0.00005794715788375959
49,24,0.017598746671190497
49,25,0.000042848739888351725
49,26,0.00008331264874995089
49,27,0.0005697287191751304
49,28,0.00343303040509876
49,29,0.00003826849316920091
49,30,0.00009761838354376643
49,31,0.00010217215484835568
49,32,0.0033844718936994703
49,33,0.0013455439232213152
49,34,0.0013338635276939014
49,35,1.7390167038333454e-6
49,36,0.001554874435993788
49,37,0.01829372918321351
49,38,1.7311205275605989e-6
49,39,0.00016264534596986295
49,40,0.0006148921534656946
49,41,0.00014318861025666412
49,42,0.00017882637618036007
49,43,0.00003512172758022393
49,44,0.000013818029788733892
49,45,0.00034643302904667733
49,46,0.0001982151118814215
49,47,0.0226285685033712
49,48,0.00016147411078813577
49,49,0.9224196004808273
49,50,0.00022528366862535759
49,51,1.4153663728421405e-6
50,1,0.0002261237745349886
50,2,0.00003460484679283287
50,3,0.00011972780470647459
50,4,0.000015922662913280406
50,5,0.0000100623968766962
50,6,0.000022468266785103397
50,7,4.639165056765836e-6
50,8,0.0014142310060482157
50,9,0.000183481196294726
50,10,0.00002409635277793932
50,11,0.00001576339775578547
50,12,0.0002055648945684071
50,13,0.00005542487316537169
50,14,0.00003284074400646146
50,15,0.00003050967593982615
50,16,0.00004089924282483549
50,17,0.00011735994497283236
50,18,0.00003093576459906025
50,19,0.0003878151534757136
50,20,0.0002120960065222066
50,21,5.220505502440966e-6
50,22,0.008111027292729079
50,23,0.000050484457180262425
50,24,0.00007680348781822894
50,25,0.0008715594050713955
50,26,0.000757639561231117
50,27,0.000013604948426697088
50,28,0.001545811944607482
50,29,0.00002677872945551738
50,30,0.00009486870711122413
50,31,0.0052990138848769495
50,32,0.000020041724269615165
50,33,0.00004193892483894141
50,34,0.00004158923617049681
50,35,5.292016477582994e-6
50,36,0.000017556542754510473
50,37,0.000021734213922308608
50,38,4.22216850722837e-6
50,39,0.0000928894730422878
50,40,0.000027461659268123874
50,41,0.00004092371709122594
50,42,0.0009740854490245222
50,43,0.0006239861470477748
50,44,0.004560238481066022
50,45,0.00016311155771889317
50,46,0.0006348470296352765
50,47,0.00009587304227190303
50,48,0.00026112117279912127
50,49,0.00004050264879432831
50,50,0.9722949442693756
50,51,2.604312962060724e-7
51,2,1.3162696583017577e-6
51,3,6.6773480264970406e-6
51,4,0.00007583174097350576
51,5,2.236614943732682e-6
51,6,0.00002427093921012185
51,7,1.2846672610696006e-6
51,8,4.576533950115792e-6
51,9,2.4900303932358533e-6
51,10,0.000024431187214954724
51,11,0.009401879089153058
51,13,9.267701124153884e-6
51,14,0.00006180266168901015
51,18,0.00012584536688371682
51,21,0.00008707325031346624
51,23,0.00004449870945737632
51,27,3.029358096943188e-6
51,28,0.000053637615906018
51,29,0.0010424190850864751
51,30,0.000022463043579783928
51,31,1.6246911671382643e-6
51,32,1.7688398375321246e-6
51,34,8.92618653897048e-7
51,35,1.769287041266542e-6
51,36,1.354878247373126e-6
51,37,1.564616798814867e-6
51,40,3.3546242797760784e-6
51,41,0.000346554869406096
51,43,8.879975486414034e-7
51,45,0.000024030194533093812
51,46,7.12127226686202e-6
51,47,2.002131118986515e-6
51,51,0.9886084321922952
51,52,3.6105738837742834e-6
52,1,2.4785932560940443e-6
52,2,1.1388920749310544e-6
52,3,0.00002805899798541155
52,4,0.0002996837584237033
52,5,7.003871055107948e-6
52,6,0.000010411783023350407
52,7,4.0374008510246574e-6
52,8,0.000015763668598093906
52,10,4.882767210950513e-6
52,11,0.00007533724179208419
52,13,1.0976846932540582e-6
52,14,0.000026244489361641936
52,15,1.6922703087202911e-6
52,16,1.1819445632503042e-6
52,17,1.8680167163949495e-6
52,18,0.00037642281998724017
52,19,4.8529379869007764e-6
52,20,2.2851645764311232e-6
52,21,0.000010057368789150824
52,22,2.12341022746022e-6
52,23,0.000022419429533363318
52,24,1.4467173664137004e-6
52,28,0.0003527187349542077
52,29,0.0012670431879743445
52,30,0.00006422816221684893
52,32,1.1507315092188501e-6
52,33,6.693124344775051e-6
52,35,0.000018336669810716595
52,36,2.714613147415656e-6
52,37,1.8640189853367318e-6
52,38,4.671041223751909e-6
52,40,2.099885117771486e-6
52,41,0.0001236189160943694
52,43,1.0321834074540542e-6
52,45,0.000018883436412371073
52,46,6.52952488916188e-6
52,47,1.1121380286183768e-6
52,50,5.71844676100457e-6
52,51,3.1271482408461963e-6
52,52,0.9972179688085007
