id,area
01001_AM,358495702.2542836
01002,96152612.37841056
01010_AM,198919890.01161405
01031_AM,367683172.0369828
01036,37427387.97760106
01043_AM,504044449.7716911
01047_AM,366162855.4707076
01051,37870227.640411034
01058_AM,177264009.9620656
0105901,1422836.3533549355
0105902,7896848.737907109
0105903,3923600.9509709696
0105904,3730751.036349708
0105905,8533119.771270616
0105906,251863499.56466547
01063_AM,224586583.5318098
01901_AM,318580242.748745
0200301,6522615.526599699
0200302,4385991.993223467
0200303,971405.3859352812
0200304,3703678.989229581
0200305,1000449.1573557128
0200306,1789823.1882457794
0200307,5312803.834092675
0200308,1119198370.020846
02008_AM,1464689104.8802173
02009,532675303.98640555
02010_AM,624405950.5472326
02012_AM,680284367.3215404
02021_AM,848678668.7591908
02024_AM,194344744.41076663
02025,141811361.52016476
02029_AM,782865101.3974123
02030_AM,816928552.3446658
02033_AM,566325257.7906635
02037,782500264.8967434
02045_AM,276462635.4927606
02053_AM,977059924.1078746
02063_AM,612657366.3293972
02067_AM,777257762.7108072
02069_AM,655083506.1689365
02073_AM,259600821.19958487
02074,325393506.1183929
02079_AM,401364930.9636315
02081,863578066.670382
02086_AM,1212557702.1834323
03002_AM,137225312.64317977
03005_AM,73487390.15685904
0300901,575471.0835001398
0300902,1346429.4683959177
0300903,726981.5965572814
0300904,432718.030857849
0300905,655928.7879109263
0300906,299250.05491025286
0300907,472687.5751643149
0300908,125560665.98793317
03011,19313834.904424597
0301401,1958862.8066062238
0301402,1557520.3122499504
0301403,2755667.496532971
0301404,52356830.29364662
0301405,1985036.8971341536
0301406,11277549.77334119
0301407,5616768.180658328
0301408,124100335.88499555
03015,25323938.526898533
03018,34486978.20846903
03019,70972055.34643672
03021,50355537.37525185
03024,9131675.636080632
03026_AM,38243920.56941371
03028_AM,283651872.72931623
0303101,804743.4662382723
0303102,12082142.58408471
0303103,7790891.560574391
0303104,17682694.16157599
03035_AM,395399129.84571785
03041,69768061.86227277
03043_AM,174413739.08713776
03044_AM,16321726.174638689
03046_AM,153452346.83715096
03047,23523100.331054173
03048,34658151.080060355
03049,24881358.906517345
03050,55335478.84554457
03053,114655536.54933168
03055,19926660.992583968
03056,52842447.31457696
03058_AM,36410438.34440463
03059,105032990.61176306
03063,66420632.52728303
03064,18598668.196196496
0306501,2609744.8056107676
0306502,4473766.51564701
0306503,2249109.0710738585
0306504,1263505.4188401087
0306505,853485.2176228917
0306506,1014892.8447550423
0306507,314308743.9221346
0306601,1656771.6229981147
0306602_AD,41600623.048768535
0306604,1922565.5900898841
0306605,686368.5663820859
03069,42496649.214297384
03070_AM,18944954.947323017
03071,20358609.00378815
03076,35648037.78736082
03077_AM,143456290.77968124
03079,62880479.99336978
03081_AM,76085542.74590054
03082,68765002.5840434
03083,163951130.40147072
03088,79628607.23773661
03089,152562947.89374664
03090,47950389.15276176
03092_AM,76922703.28468661
03093,75666871.37927023
03094,21392528.388018467
03095,10410363.4845882
03096,48332458.48170335
03097_AM,122324908.06092943
0309901,1062071.158861299
0309902,712628.5542558203
0309903,930891.0920614603
0309904,1196161.4084670348
0309905,154803599.3242997
0309906,45094825.56859833
0309907,112069977.1299054
0309908,49900523.95001039
03101,29617519.407503866
03102,52897854.27187264
03104,104522849.5047769
03105,126636442.71260563
03107,22643728.878232654
03109,1569527.211046004
03111,9475131.23292964
03113,27570461.4128789
03118,19951785.59358325
03119,9749646.611828454
03120,54997486.03496583
03121,58239607.6999033
0312201,1323372.2802655837
0312202,741306.7635904467
0312203,38324328.28746871
03123_AM,125347964.38942909
03128_AM,45048446.38006285
0313301,22851240.555418566
0313302,40908666.3087372
0313303,7750992.4657668965
03138_AM,11856423.08674221
03139,59324070.25200807
03140,345837576.2746074
03902,78094323.12765275
03903_AM,51084998.41039836
04003,90240247.55710185
04006,168699756.7578991
04011_AM,190420760.2410434
0401301_AD,661801.2151974593
0401303,26249763.63075692
0401304,271860.80503602995
0401305,10190696.815409835
0401306,12131775.734060412
0401307,33328212.251890738
0401308,214078704.85260257
04016_AM,319535081.6411695
04017_AM,182054342.03047788
04024_AM,62760922.017651156
04029,186110731.44867468
04031_AM,250144719.28275454
04032,95647352.41175072
04035,265276458.82950294
04038_AM,173428652.7637499
04045_AM,381315784.51294625
04047_AM,159260575.12471217
04049,7694036.452158254
04050_AM,553364451.8981438
04052,20961941.7499858
04053,318238494.4937799
04057_AM,499018285.63430935
04062_AM,103126091.81926394
04064,71704841.09045914
04066,600908477.2535293
04069,23548366.686001927
04070_AM,442022710.27025384
04075,94887584.26421674
0407901,19987819.961012956
0407902,40038206.24717638
04088_AM,662571980.0859503
04092_AM,449923865.5219981
04093_AM,519932503.1685387
04098_AM,865617255.8397299
04099,282479381.4662061
04100,58108782.40114111
04101,20670277.987932883
04102,64454527.54842503
0490201,226316844.41326487
04903,23905868.786764346
05002_AM,114062386.88371755
05014_AM,198223967.64163816
05016,45718537.38425024
0501901_AD,56415523.69975594
0501904,49032576.71282193
0501905,3181357.1563266288
0501906,122332326.76840664
05021_AM,619136140.2194004
05047,214148721.25844893
05054_AM,312574096.7918911
05057_AM,529011028.99292326
05114_AM,566867676.7297807
05132_AM,262896681.44968542
05163_AM,483644886.60220957
05168_AM,184139882.409226
05186_AM,819106929.962698
05204_AM,686444709.2018865
05220_AM,1114043047.537833
05238_AM,957049968.818662
05240_AM,127054885.97699776
05241_AM,98532745.27112436
05242_AM,494574703.4853483
06002,63154932.46689423
06005_AM,284781515.4311707
06006,724272572.488695
06011,164564912.7720814
06012_AM,73608136.22376174
06014_AM,840813921.7105682
0601501,1122136.0868053706
0601502,2328602.824552227
0601503,14568940.498754818
0601504,375802973.2684068
0601505,657337.8768472348
0601506,6168160.013709442
0601507,96524223.96426067
0601508,858224305.934605
0601509,76238514.63086402
0601510,11261995.458767511
06016_AM,208232322.59879735
06019_AM,915039539.7177019
06022_AM,458061907.9801786
06023_AM,894139975.1162536
06025,7840906.368524211
06028_AM,501574358.4123883
06036_AM,689659124.1798251
06044_AM,655985933.6159277
06050_AM,431131827.32131845
06052_AM,304153871.167277
06054,179976430.05070904
06055_AM,346901290.9518531
06060_AM,335358153.2145764
06063_AM,1034413322.8497684
06066_AM,442276118.52362144
06069_AM,510762525.92509085
06070_AM,750287002.3084675
06072_AM,89610536.14323857
06074_AM,459751037.8941124
0608301,668901.0401306584
0608302_AD,4893937.142915828
0608303,33752200.83746201
0608304,568238708.6765379
0608306,259682803.68111292
06085_AM,605609029.6729611
06088_AM,191168916.92818624
06091_AM,387819234.5208984
06093_AM,224439312.24755833
06094_AM,522499468.40636194
06095_AM,503776936.80560464
06103,14280960.353795033
06108_AM,390685134.92240506
06109_AM,571797446.9336483
06113_AM,382410701.97674465
06117_AM,270564987.2161307
06120_AM,222782603.8532971
06121_AM,275834507.2952364
06122,108791780.61250408
06123_AM,345175397.92087376
06125_AM,868266187.8004947
06127_AM,870115456.2812972
06128_AM,120290184.38372065
06149,104555327.60799292
06153,153059687.19616958
06154_AM,406003128.93923604
06155_AM,353275456.177079
06158,62655306.31751718
06162_AM,167643517.83107013
07001,45758603.83958181
07002,109984571.32483128
07003,60069113.67420119
07004,89883332.48962978
07005,81520044.61815372
07006,139926064.87772286
07008,29814886.881429166
07010,84849646.64102603
07011,145203771.1104181
07012_AM,42973605.34095134
07013,149910310.4547701
07014,55032572.93472126
07015,186209474.78100538
07016,13704116.634425754
07020,35332647.227205634
07022,170030297.88499004
07023_AM,97574127.19814196
07024,78701567.38879444
07026,11183426.693127066
07027,58386792.522382535
07029,12116728.338130469
07030_AM,65538244.242256455
07031,327761919.1929876
07032,117187092.73493071
07033,260558794.2222353
07036,54306419.818964615
07037,138146279.662875
07038_AM,79757259.5541422
07039,58750869.89406968
0704001,13401372.341387967
0704002,34322087.93339704
0704003,48772419.61949868
0704004,100847460.49078837
0704005,9785944.286992587
07042,151622858.29512846
07043,87038376.38762735
07044,48638458.66292874
07045_AM,132078908.68832293
07046,126875093.84554484
07047_AM,73182263.3379361
07048,159241748.71108085
07050,121681568.45388803
07051,82217248.50403042
07052,34669368.439733826
07054,153797642.44212797
07055,86662120.42381594
07056,37661531.20691033
07057,124745487.1296059
07058_AM,227821175.58151144
07059,38992184.72119141
07060_AM,80649788.65012461
07061,42821812.79334414
07062,42651453.49992523
07064,11640217.433735289
07065_AM,117233026.10649629
08001,20012498.96179595
08003,9546544.716372821
08005,14258836.801199323
08006,6371301.62972714
08007,20993812.863080487
08009,25301312.233300976
08010_AM,80774299.00667839
08014_AM,92125119.51816334
0801501,546956.137456818
0801502,753437.8701671986
0801503,1132965.4004184545
0801504,2002731.1556235212
0801505,2073228.40076391
0801506,9265125.26113496
0801507,1353994.8096308985
0801508,1477668.581634425
0801509,2539989.955133611
08016_AM,444644911.4150053
08017_AM,149712367.32451057
08018_AM,66320510.95862248
0801901,4377581.527794481
0801902,7486049.6914298525
0801903,23267892.570236173
0801904,6025905.320201174
0801905,19975122.431411143
0801906,4194379.681504205
0801907,11972908.15380892
0801908,8046232.464324782
0801909,6585299.07910614
0801910,10546587.189328192
08020,50420891.036550805
08022,22562539.426037416
08023,28842780.012995183
08029,9047581.925451003
08030,6989195.7923262315
08031_AM,471120904.88443613
08033,37641421.16865753
08035,7893382.089905011
08037_AM,16670631.843231859
08040,6316812.236838874
08041,6793587.492706632
08043_AM,53029215.182288915
08044_AM,9416108.645955898
08046,12145960.631007034
08047_AM,168643817.84702504
08051_AM,86484839.73962723
08053_AM,53770006.64511462
08054,31137424.127221763
0805601,1026468.8765929049
0805602,430983.5853805498
0805603,2373201.5541092963
0805604,4799016.774032703
0805605,4058897.520317189
08064_AM,263501412.84150022
08067,15369801.110210946
08068_AM,29627673.545162953
08069,18218644.404147036
08072,18325238.486467957
0807301,1683078.918884779
0807302,2533717.457128229
0807303,1432818.693297411
0807304,584533.2179624614
0807305,185992.9253590628
0807306,412837.13878944743
08074,13322549.969224857
08075,40764170.0115427
08076,27207701.643988896
08077,4507132.085816622
08085_AM,54079049.35671131
08086,29446385.01712982
08088,19043205.815969918
08089,30895084.078388058
08091_AM,43050843.14116909
08092_AM,152458052.19660777
08094_AM,45489328.076825365
0809601,3079120.3115373203
0809602,820592.4361951348
0809603,1361043.1877559086
0809604,9553848.619644342
08098_AM,54467669.445312925
08100_AM,122388004.80783492
0810101,2959121.790611907
0810102,987129.4878314902
0810103,3640603.981600205
0810104,790782.7279455317
0810105,930993.0199494942
0810106,3141139.4672026425
08102,8104533.549540211
08105,3063745.3324937136
08106,27704590.232212882
08107,22514510.16534476
08108,10837000.228920309
08110,8740343.090195876
08112,17163673.291797146
0811301_AD,19565206.144938767
0811302,5773991.567533567
0811304,4365226.332951688
0811305,11935666.920722337
08114,12832529.783891127
08115_AM,8124424.037029453
08118,3405400.3174422365
08119,17130673.363606613
08120,25487866.98218117
0812101,787096.9329413138
0812102,6048409.640822065
0812103,9765965.49178243
0812104,1608445.024184052
0812105,1382052.1131145891
0812106,2710315.8965844596
08122_AM,79083918.86354151
08123,15790201.105688455
0812401,1608011.4185899787
0812402,2951533.0635857023
0812403,6328730.207767577
08125,23514686.544369593
08126,2913003.8377348427
08135,4129882.0781992166
08136,10319064.812662024
08138,75928805.47717805
08140,5510424.130922288
08141,80933280.35970129
08143_AM,204312885.82614216
08145_AM,77242626.52036501
08147,16689297.922653446
08155_AM,29146648.06449339
08156,14980398.828861888
08157,8515109.707917852
08158,8760658.513453245
08159,8830504.013787514
08161,57160056.51079757
08162_AM,81005786.37613058
08163,10475954.537688596
08167,8799661.187607693
0816901,2176034.3970340197
0816902,686628.4391334658
0816903,5173511.59027191
0816904,10071518.83079824
0816905,13427420.917824017
08171_AM,208702760.92247286
08172,1976705.3767533945
08175_AM,229305698.24034813
08180,4334949.169112683
08181,37003032.8725337
08182,27646389.3464875
08183,2223687.04651764
0818401,8250351.4536640225
0818402,17351514.297628857
0818403,1612064.2180818939
0818404,5032736.011293436
0818701,4073223.183897637
0818702,7691341.534858593
0818703,7104751.105015902
0818704,3821806.8919882216
0818705,4374195.407272658
0818706,3857131.339576856
0818707,6620311.882889424
08191,65743211.72959459
08192,16935169.131000288
08194,3783899.3401047927
08196,5589110.74952818
08197,11886262.764654275
08198,13940056.490712939
0820001,1499101.2755844838
0820002,4148395.1627223273
0820003,1126656.1850987042
0820004,11582532.954120772
0820005,1730981.6046151859
0820006,1421062.1879330114
08202,65585957.97520393
08203_AM,61259529.63085205
08204,10867114.707392627
0820501,21834324.056071725
0820502,3711357.9148426238
0820503,9429881.393720837
0820504_AD,8466510.0156614
0820505,4878211.1714373315
08208_AM,38212816.235949956
08209,13192108.118727425
08210,15045863.327039085
08211,11885889.401060808
08213,21930280.417920776
08214,8930636.212792678
08215_AM,23096122.94389147
08217,6176396.712352577
08218_AM,80825966.74999812
08219,3945078.269039271
08220_AM,23152570.520404164
08221,7714768.845446398
08227_AM,64084524.64093019
08230,6557161.282843655
08231,40877637.19581024
08232_AM,38536635.73409471
08233_AM,321846164.9755864
08234_AM,74138404.4276889
08235,7584963.871880817
08237_AM,71325314.22160427
08238,14503526.247638188
08240,18996479.717519082
08244,7520317.82157377
0824501,459286.1357319813
0824502,568595.1145790817
0824503,4374859.392608385
0824504,574481.5422747378
0824505,842987.8790280059
0824506,275400.1472025509
08248,14171583.616071815
08250,27705199.037291277
08251,17505183.625882242
08252,8220628.915469261
08259,16875708.14589078
08260,15599429.06227757
08262_AM,35234150.21724564
08263,9135122.395332897
08264_AM,8634648.860897718
08266,30917964.545813356
08267,28292738.686151285
08268_AM,412645833.00312716
08269_AM,169145819.90994936
08270,43819598.72327668
08273_AM,86777986.37199144
08274,23748585.797294345
08278_AM,37678001.92472724
0827901,2252082.672203374
0827902,3918228.8229198665
0827903_AD,12554456.464994622
0827904,9738378.29243219
0827905,30909769.025986295
0827906,10833326.650779806
08281,6650694.338160928
08282,7913569.944644254
08283,16425361.759252628
08284_AM,116923897.49023555
08285,13527139.171935044
08286_AM,33476855.787606347
08288_AM,141828056.14617133
08289,13619422.856260972
08291,40480269.811606295
08295,23834972.77825564
08298,30796356.77701025
08300_AM,27398261.154811967
0830101,14527036.661838848
0830102,5619683.372562712
08302,10493805.413344475
08305,19915590.813945495
0830701,2077044.55306445
0830702,4170218.690535782
0830703,10548719.772766773
0830704,17127100.076014403
08902_AM,31627689.11323678
08904,885440.0527687392
09018,127364767.47986244
09048_AM,837097476.6195184
09056,81250355.3772222
0905901_AD,921837.2724324736
0905903,17564857.46677257
0905905,29657299.659656484
0905906,2856934.6090858723
0905907,15843102.223181473
0905908,19266030.977712005
0905909,21230542.673236474
09073_AM,103045820.58241211
09109_AM,279218718.1040704
09141_AM,473604857.60730195
09174_AM,737864305.80484
09177_AM,414756042.83630955
09194_AM,905742900.8912871
09209_AM,643872755.3021079
09211_AM,1272399092.9974291
09219,101411174.66025713
09238_AM,937682728.2974279
09289_AM,437919454.2782179
09321_AM,473544950.15183705
09330_AM,931310445.2138873
09350_AM,792097885.4312618
09363_AM,863369821.0901103
09410,263276671.1144717
09413_AM,1878854349.6081645
09434_AM,113051817.51957609
09439_AM,205818840.11288315
09903_AM,464827437.7145115
09907_AM,605390064.4002936
10006_AM,336539810.13432986
10010_AM,311263159.66137964
10018_AM,1323183485.383932
10019_AM,317875929.5303911
10020_AM,500885527.53232545
10021,128211545.28590477
10035_AM,134362674.225558
1003701,358841882.68361795
1003702,18471574.45674093
1003703,365697.3597621757
1003704,228529336.95720953
1003705,838619.5157777681
1003706_AD,1146660772.0189438
10049_AM,337747848.498752
10050_AM,417981432.6762856
10061_AM,1033141405.166364
10064_AM,425128542.3062731
10067,103529678.19340956
10087_AM,519110298.63885075
10089_AM,282380284.21967095
10096_AM,105937734.64426737
10104,62592321.65353946
10105_AM,220235996.05437818
10109_AM,807235092.1916603
10110_AM,290092360.94499534
10113_AM,522729146.5743268
10115,32226151.106671136
10116_AM,446652839.77004766
10121,120947261.78504722
10127,96472867.8146619
10128,124616880.57948217
10131,156174397.28234896
10140_AM,1543008131.744128
10146_AM,518061438.75659186
10147_AM,215731591.07894894
10148,217885305.0811105
10175_AM,1185432448.423309
10177_AM,367384512.29077154
10180_AM,245788318.55894354
10184_AM,277552760.624439
10186_AM,1360005475.8072646
10189_AM,561069098.8944017
10195_AM,841682335.3629384
10203,595447580.6189497
10205_AM,385325021.9710063
10212_AM,291173248.20520186
10216_AM,377694398.46144116
11001,480456054.7768389
11002_AM,129286773.681311
1100401,5060320.768509825
1100402,13922605.429086413
1100403,56816606.24199109
1100404,10807002.032641487
11005_AM,162016114.4566608
11006,528444223.546397
11007,143640101.0261191
11008,331995044.1405917
11010_AM,178420606.78689915
11011_AM,282530826.81724775
1101201,330302.30651511747
1101202,186654.1159146325
1101203,352508.91116393526
1101204,174569.12484986696
1101205,134588.28860242965
1101206_AD,1030023.9744509395
1101208,1697290.8814193744
1101209,959797.586112457
1101210,7466246.171636662
11014,88836236.70525019
1101501,30892974.474786166
1101502,999007.2133447152
1101503,1025034.8709122518
1101504,3746841.9143799637
1101505,169181591.20136282
11016,32816151.680057414
1102001,688728.1165315338
1102002,2313976.9770925283
1102003,3287597.1212034514
1102004,9158930.17750975
1102005,1722805.0430685
1102006,11034546.056852266
1102007,7590798.27050274
1102008_AD,521130990.6469262
1102009,633512612.1917999
11021_AM,525596066.1737852
1102201,784183.1867715192
1102202,1500007.5922260396
1102203,1346644.2950813489
1102204,550376.0298512761
1102205,784524.8043531188
1102206,638934.7922252434
1102207,13761054.180304835
11023,488473190.921936
11024_AM,211314864.09998354
11025,14022753.775567785
11026_AM,121259303.71856283
1102701,3727576.691479048
1102702,13925410.875465138
1102703,113694641.66581842
1102704,28076653.298845023
11028,196398686.21045685
11029,80003865.43074484
11030,84220995.20001578
1103101,9805610.80489006
1103102_AD,638424.1769725059
1103104,399127.20555615233
1103105,649237.64474168
1103106,19058168.28082787
1103201,43217260.437930085
1103202,5786604.987451092
1103203_AD,1950401.9909988337
1103205,120007514.51385716
11033,147137622.7252036
11035,420543572.3138352
11037,70141870.33540238
11038,69969298.70453392
11039,263526561.1181092
11041,212335214.82444763
11901,60840324.768637516
11902_AM,251300426.95337644
12004,167400343.3694302
12005,94952625.1668587
12009,32975763.91389431
12011_AM,37698465.6021018
12012_AM,215938675.66545904
12016_AM,228337498.6729898
12021,21482450.243306644
12027,48121043.06615968
12028,36240928.576332465
12031_AM,115982199.18874285
12032,47119957.31892895
12033_AM,257402102.51724416
1204001_AD,881057.6232136581
1204003,800708.4592526256
1204004,1855174.8399786057
1204005,21250416.54946228
1204006,8218560.602840628
1204007,36407750.42149413
1204008,16626555.004332794
1204009,23012608.088796336
12050_AM,402315528.9999127
12072_AM,722459844.4934767
12077_AM,28160044.905243453
12080_AM,1293125929.6254086
12082_AM,56507219.35361457
12084,108569781.2099789
12085,26470745.644575723
12089,79358307.0717095
12100_AM,271681724.45393395
12104,106262931.12515794
12106_AM,148638028.5841628
12117,29954784.039023235
12121_AM,343997058.32674235
12124_AM,226200284.02711618
12126,67161165.70733282
12129_AM,575905608.2677847
1213501,1407221.1082393923
1213502,9109186.146666503
1213503,12753791.189791653
1213504,31906523.233865615
12138,95455723.81987633
12140_AM,577401342.0794362
12901,12781729.910671372
13005,667596668.8893136
13011,240007707.70963994
13013_AM,349872282.14466786
13015,1209991954.2719824
13019,397788460.9406132
13020_AM,237438397.79188862
13023,88049152.2032606
13027_AM,872503040.7396238
13028_AM,334040698.5305432
13031_AM,301757878.8158496
1303401_AD,273226273.39471155
1303402,7473104.461543139
1303403,1015624.1992285929
1303404,3663244.1796492776
13038_AM,720426791.7003078
13039,438902170.06063086
13042_AM,1402804253.3718543
13044_AM,214677714.0387742
13047,227117884.5165639
13052,365204437.26746
13053_AM,495339332.95114845
13054,144167045.61442453
13056,118540139.51830627
13058,188411635.8981084
13061,101530052.57791662
13063_AM,810574478.1166198
13064_AM,1301058265.6529884
13065_AM,317847455.7113771
13068_AM,2310025876.9574594
13071,227074281.61776006
13077_AM,735064955.6147043
13078,374551617.49868006
13079,134348179.73747966
13082,242186814.49169368
13085_AM,1074044629.5087032
13087,488406430.6398185
13089_AM,1127820139.9639418
13092_AM,613367474.9542242
13093_AM,182828043.6316702
13096,282222695.3607589
13097_AM,218372500.49594527
14001_AM,357380307.4842609
14002,166697668.83262363
14005_AM,245302610.32575738
14007_AM,382493792.81069595
14008_AM,799238204.5070922
14009_AM,377531978.9269555
14010_AM,103828026.61786744
14012_AM,224583434.19246185
14013,229501320.91110644
14017,79081247.32608563
14019,220165000.59435326
1402101,65569379.14935775
1402102,146142652.8853995
1402103,197132.593558952
1402104,299278.7958584543
1402105,430544285.2118326
1402106,172040013.8929888
1402107,347595.0009583841
1402108,318818.70372607606
1402109,403216124.73061705
1402110,46184200.66316937
14022_AM,57612117.70669093
14023_AM,485310303.8418196
14027,29819403.096700247
14029_AM,873318348.6594815
14030_AM,74847852.82707913
14035,531989242.0045801
14038,351831107.36423326
14039_AM,220952945.37035555
14041_AM,114191045.72285199
14042,168846040.45234442
14043_AM,1100699717.893526
14045_AM,52504290.3528157
14046,69332734.06432168
14049,200483004.6754487
14052,65122364.118387
14053_AM,1071322849.266123
14054,330472178.5961977
14055_AM,368056644.0321167
14056,171293312.48398608
14057_AM,199236109.31050894
14058_AM,269216574.0610482
14060_AM,272114998.8217779
14066,22083560.894038938
14067_AM,105109864.7760667
14069_AM,787454633.0345389
14073_AM,1349823802.6023157
15001,83970956.14701094
15002,80128947.14894629
15004,18280887.267204296
15005,93368294.44216472
15006_AM,222923213.07328588
15008,32730520.610500008
15009,24264565.115364943
15010_AM,340344684.5937601
15011,86602630.53048901
15012_AM,188634621.94935048
15013,74925805.80409299
15014_AM,136553423.0945334
15016,51821138.85162144
15017,40742967.06084217
15019,186924174.84405473
15020_AM,258121894.3723307
15021,48055662.79905769
15022_AM,186760062.6235923
15023_AM,64040788.02846603
15024_AM,235539288.83707383
15029,141196590.90683657
1503001,948598.4190693499
1503002,1985347.0882153048
1503003,988329.3902732299
1503004,999862.2178928021
1503005,3721134.254887483
1503006,454996.740226969
1503007,4195080.681741626
1503008,4118871.7483733515
1503009,11867557.240837725
1503010,8297485.085276762
15031,62369414.52391941
15032_AM,236907567.4290286
15035_AM,57024623.78524174
1503601,572922.9113659803
1503602,1029248.061052802
1503603_AD,1465013.7385687167
1503606,2553515.857311364
1503607,6916793.992113535
1503608,69991644.51771511
15037,29419755.556884523
15041,125841793.65605186
15043,61393299.75245833
15046,101321309.20257555
15047_AM,188556709.41391104
15048,32537955.179695223
15050_AM,260306357.61819804
15051,12772950.594645582
15052_AM,246134960.34290972
15053,72842121.29324341
15054,67096931.91929481
15055_AM,123681073.74590881
15056,115195688.02835862
15057,37192062.95708943
15058,43617445.49953109
15059,157375018.76446986
15060,72099852.20374884
15061_AM,339037046.8289702
15062,99791844.82940164
15064_AM,141842723.0789027
15065,48416565.70874793
15066,131942496.23005973
15067,32551488.10843608
15068,92039219.42755894
15069,29448948.58667944
15070_AM,321632338.8439951
15071,94620677.2583093
15072,58812426.67238962
15073,68613646.85912985
15074_AM,222653832.3956442
15075,27498854.033844657
15077,203777217.87086436
1507801,29010321.2033866
1507802,27122019.689879637
1507803,23882173.125630513
1507804,20268944.886803593
1507805,11167167.78563053
1507806,109216013.3403562
15082,79339386.30001469
15087,88228394.67209378
15088_AM,308202306.95124924
15089,52809748.76222505
15092,187610791.8746234
15093,133152010.34688576
15902,151566316.63131022
16023_AM,1449623811.2606287
16027_AM,916558607.3395332
16042_AM,1528003312.9158509
16066_AM,450283347.20241594
1607801_AD,773847013.2919436
1607804,147918019.45084506
16102_AM,635239346.5751144
16106_AM,181988714.98140505
16112_AM,1471767766.215286
16113_AM,278708160.4798881
16117_AM,1494612012.322839
16124_AM,339570994.2491179
16125_AM,271125106.4966579
16133,176407453.06689894
16134,74032951.0320416
16154,224971026.53103787
16170_AM,1351616884.232292
16171_AM,415242814.17886287
16175,79999260.27192244
16190,277791058.244837
16191_AM,989562300.4271675
16203,106993196.26119964
16249_AM,489617806.9969733
16251_AM,555549601.3490008
16903_AM,897130561.770253
16905_AM,1582297143.3715603
17006_AM,388972515.4080592
17007_AM,287508684.3712017
17008,16324707.253877837
17009,86288174.43460375
17012_AM,86586151.644828
17013_AM,53017297.60574527
17015,10996892.81409518
17016_AM,105432459.2963125
17019_AM,123899983.19832724
17020_AM,56320691.68158865
17022,20750890.26157654
17023,17987903.071101706
17032_AM,91973577.71624143
17033,57341437.12990706
17034,33813932.97670878
17036_AM,252674052.2179522
17039_AM,343314336.82593703
17044,45610313.46919518
17047,42279856.65458996
17048,21544018.467850477
17049_AM,27457620.68592552
17056_AM,140984982.31035593
17062,16263866.532985093
17066,18948852.568176936
17067_AM,107915909.81721559
1707901,2847509.835122529
1707902,7423228.2269272795
1707903,4285384.660983533
1707904_AD,20500612.28423519
1707906,4011014.0049233628
17083_AM,138997360.9242969
17086_AM,151327555.78641155
17089,76544345.1644828
17092_AM,61467191.34584875
17094,12828080.53886181
17095,48420926.17686286
17103,45631872.78130045
17111_AM,419281541.72118616
17114,28971334.807109196
17117,26883256.29231177
17118,14068716.412392063
17132_AM,97738655.57505424
17137_AM,137939624.38251776
17141,18765677.59593113
17142_AM,50124358.07501193
17146_AM,32196512.959916193
17147,73279429.13434562
17152,46014997.75003609
17155,6511094.006679089
17160,16127899.759881608
17163_AM,110169487.12143956
17164_AM,152065293.10752484
17167_AM,306753511.76487684
17178_AM,83687383.02715245
17180_AM,107406649.58612844
17181,67822129.11720611
17185_AM,89077365.10372253
17186,4151745.3018147536
17193,30124500.8939382
17199,66309502.966590755
17202,38558577.30360032
17207_AM,158984727.8632698
17211_AM,85275497.65380086
17213,48187331.66260719
17221,8271684.208917305
17223_AM,210009185.20586038
17233_AM,45837108.49920999
17901_AM,195616309.7029877
17902_AM,109042854.70766945
18003,78644569.25831372
18006,63044069.338542864
18011_AM,20466873.795351904
18013_AM,509215711.677448
18014_AM,76355747.05135526
18017,83567348.66574469
18021,4384644.800283373
18022,47351050.89228535
18023,546426534.3882569
18027_AM,29947689.637354296
18029_AM,512523042.10016984
18036,2028746.0073753602
18047,6542622.917235321
18056_AM,645539366.2875253
18057,4170221.0257464824
18059,21293349.490986314
18061_AM,442952957.74854255
18062,6751048.550625234
18063_AM,241005336.391527
18066_AM,111571931.24116035
18071_AM,107748143.32053733
18079_AM,47100257.46376484
18084,11894036.479427984
1808701,8419441.368120933
1808702,5447693.6159437625
1808703,10331177.02520205
1808704_AD,33902908.4602115
1808706,3005206.923454181
1808707,18692989.748971242
1808709,8435815.475228742
18088_AM,392114834.18208826
18089,324844137.50332
18093,31077054.57417714
18094_AM,328398005.3574533
18098,474193200.45992416
18099_AM,140901844.18165356
18100,40013300.27610674
18101,4320208.115261577
18102_AM,203321036.38185248
18105,248080294.99629578
18108_AM,365359436.6546482
18116_AM,163930280.30045858
18119_AM,226940491.0092073
18122_AM,459645125.7291483
18127,4906312.6068843
18132_AM,322538479.6535384
18133_AM,135900911.5281366
18134,89043039.07452905
18135_AM,346642682.39781666
18136_AM,186311824.66997126
18138_AM,143937594.37260675
1814001,3883598.934448257
1814002,17745318.973144438
1814003,2820839.9591887733
1814004,16284644.65360045
1814005_AD,69209254.38967551
18145,6809430.536395583
18147,134396355.50235286
18149_AM,103824436.24743749
18150,89363555.24073213
18152_AM,513501232.04513913
18153,10168202.278539428
18158,93103703.55464105
18162_AM,285092404.0809216
18164_AM,1099486655.7889233
18165,6354643.74095865
18173,35100346.8245986
18175,38244220.70836462
18182_AM,276586555.24812055
18184_AM,206808031.85564825
18193,19846179.37773842
18194_AM,273709646.14048344
18903_AM,443376045.61775917
18905,39099114.62161482
18907_AM,529524860.89169407
18911,14281374.701144017
19024,13653830.49074133
19046_AM,65367639.29863446
19053_AM,998184024.8698146
19058_AM,66712053.953930594
19071_AM,98834716.54380189
19086_AM,2628324508.6316013
1913001,129619209.2126899
1913002,6761961.826483837
1913003,7020821.479013066
1913004,74202204.98719701
1913005,17895866.15956039
19151_AM,1712720365.6082585
19156_AM,1142447449.175835
19160_AM,595303544.3210394
19171,31234885.39423743
19190_AM,1879869739.1954608
19192_AM,329575990.61885214
19220_AM,30831594.686160512
19245_AM,1160149608.4705043
19257_AM,754913696.6731464
19274_AM,256700086.30268738
19280_AM,59248988.96325364
19319,11177651.81615304
19326_AM,61789676.62944743
19331_AM,46756219.388332695
20005_AM,75339039.47766808
20009,27241955.598959297
20010_AM,23481054.20818492
20013,25806256.147197403
20017,54963218.95075917
20018,69513614.70401089
20019,30104986.892465383
20022_AM,117765429.88558733
20025_AM,106004514.91132303
20027_AM,50272868.62941466
20028_AM,22689254.439848978
20029,50589419.0105828
20030,24777768.090318225
20032,38820871.38845283
20034_AM,54358914.11167027
20036,29589471.913872745
20039_AM,87691781.1523982
20040,39963964.587649114
20042,5131889.4238583585
20043_AM,93973334.49608342
2004501,487435.0456083693
2004502,28377210.217698805
2004503,4297169.881895023
2004504,8867718.72826528
20049,12274974.809284108
20051,42382019.14491136
20052_AM,94584542.91996977
20053,8489225.480676677
20055,33422745.87534499
20056_AM,52998626.46502396
20059,107684348.17457825
20061,9989135.07980873
20063,59624356.846784204
20064,10659013.534699759
20067,31919339.20527919
2006901,484268.51034236804
2006902,459323.1335214156
2006903,7179248.101919703
2006904,2370449.4351375815
2006905,2791910.072410384
2006906,36917021.71902968
2006907,10907675.681952178
20071,37293927.38294652
20072,22397943.35336646
20073,25747475.37341937
20074_AM,106960184.98117986
20075,17641416.528010707
20076,5625202.748646296
20077_AM,35434111.31514958
20079,14653406.936327994
20080,18551330.19707006
20081,10530078.197032722
20902,5808747.567685957
20903,12012499.105530875
21002,33901334.70563779
21005,860810241.1641153
21006_AM,474312051.0413152
21007_AM,209301086.59257498
21008_AM,709094844.5010152
21010_AM,240545149.27975035
21011,144972937.71608737
21013,49434770.80175222
21014_AM,134740469.76612085
21021,225609678.33702716
21023_AM,751738927.9041605
21025,173351793.81831792
21029_AM,623073250.2102265
21035_AM,385703073.18329513
21040_AM,346547156.2136305
2104101,671369.0053831346
2104102,1871375.024826262
2104103,43022999.2606525
2104104,1106912.0977734996
2104105,9468133.504616946
2104106,24861149.371188693
2104107,26092213.610006046
2104108,44506264.079691656
21042,49445571.15808569
21043_AM,156226307.34502023
21044,128149312.07756798
21049_AM,400588186.1180935
21050,203749058.9370676
21052_AM,100243101.18940774
21053_AM,296331640.8657613
21054,60514341.4643422
21055,49331675.52628581
21056_AM,394725757.8301749
21058_AM,697448569.1998618
21060,38862955.61412622
21061,72071065.61601193
21064,45434557.040439226
21069_AM,819483933.2599927
21070,118366893.03795773
21072,219012489.94535345
21074_AM,102269658.5773347
21076_AM,678527379.4119741
22017_AM,685353708.6354673
22021_AM,484508712.99393374
22039_AM,1313715764.0474927
22048,107660738.66310488
22053_AM,1036067712.4699202
22054_AM,1547457628.3685331
22060_AM,307041632.9729625
22061,25104144.915517326
22084_AM,1413724512.530058
22112_AM,495202429.08497643
22116_AM,593266280.2519555
22117_AM,519290054.6004244
2212501,253639.12283701496
2212502,2014769.7000667562
2212503,19922755.355525754
2212504,54862187.02420285
2212505,73364873.12809813
2212506,253909.00085725746
2212507,10103568.943673993
2212508,354705.5275847093
22130,406491419.6760834
22137_AM,750391549.5186567
22158,155146331.9843666
22199,587319344.1099807
22204_AM,894314564.7366589
22213_AM,450392826.75239813
22225_AM,325337596.04279804
22228_AM,893386712.6183188
22254_AM,516627145.64771324
22901_AM,1230905520.0775995
22907_AM,740949802.4194274
23002,261793804.7677614
23003,237186402.74293914
23005,966432562.2347174
23006_AM,232595715.0152275
23009,193076766.09340474
23010,117295813.90003996
23012_AM,386111781.9433292
23014_AM,123079051.10085252
23018_AM,297656655.0690528
23024,201598141.12233984
23025_AM,606236273.7297393
23026_AM,156854884.82970816
23028,305886015.1307741
23038,38637040.41601937
23039_AM,548046013.7732503
23044_AM,438082898.67098683
2305001,69281246.64186463
2305002,33820223.60415718
2305003,98747542.700856
2305004,87282360.92444028
2305005,105412925.7284133
2305006,6173700.61383132
2305007_AD,374874.5863542905
2305009,23765988.58061262
23053,149006183.76097822
2305501_AD,189972722.1504129
2305502_AD,2704683.2881832276
2305504,2178605.605852226
2305505,769993.7816950785
2305506,540243.6991565811
2305507,820705.977194805
23058,97862196.82489218
23059_AM,246376408.66178605
23060_AM,270625274.1859761
23061_AM,135742828.41597265
23063_AM,242407806.39994645
23066,147623653.18566188
23067_AM,208422643.4894448
23069_AM,261794769.8106763
23070_AM,317589490.23659414
23073_AM,370758469.5392746
23074_AM,61672454.401797265
23079_AM,493983022.242435
23082_AM,549257299.3158319
23086_AM,217524742.84789914
23087,158087668.66427135
23088_AM,203436769.7589926
23092,404651947.62063634
23093_AM,274314588.9857417
23094_AM,418950360.72720355
23095,239804489.9048337
23096_AM,326667159.64158183
23097_AM,320202867.7723126
23099,88746531.77725893
23902_AM,207418009.81553987
23903_AM,134339759.24037147
23904_AM,1038530955.5429008
23905_AM,192693108.70719358
24008,46791622.75305874
24010,19727851.337072384
24014,63365996.832806006
24015_AM,136562536.7718796
24021_AM,956467172.1204218
24030,32706342.00469922
24034_AM,101606126.42761217
24038_AM,56761733.90181043
24039_AM,206452121.97646418
24056_AM,300707442.82289076
24065_AM,152541785.6689921
24070_AM,245055103.5843006
24083_AM,1040725393.0680181
24088_AM,458124004.35583967
2408901,384052.0642156946
2408902,531074.2009361156
2408903,6794787.981949077
2408904,2283559.6793067055
2408905,958220.041010738
2408906,2655596.779765951
2408907,3018978.2131579947
2408908_AD,20387380.1786085
2408910,2052123.6132346836
24092_AM,1041985130.9262669
24094_AM,545154275.2067661
2411501,11872048.483956106
2411502,2660404.381240722
2411503_AD,231526387.16590106
2411505,37172565.77696807
24122_AM,1270925469.4224956
24134_AM,242960154.72214115
24139_AM,842922206.7481396
24142,64871031.47178196
24148_AM,416898037.42424786
24154_AM,599968756.6177251
24157_AM,170605064.86510783
24160_AM,873923939.5112835
24163_AM,271525455.419471
24169_AM,212621361.8948974
24170_AM,703439705.1505125
24175_AM,303447190.43802863
24181_AM,373241448.81831956
24183_AM,1542822339.806786
24188,58567866.012124315
24189,63649821.6052487
24196_AM,490034303.6834482
24202,228252672.29416698
24209_AM,642205438.6490409
24212_AM,332045793.13201195
24222,52701150.589933574
24223_AM,97200294.72132397
25003,79501961.62164795
25007_AM,392931083.42307955
25008_AM,319323609.748769
25011_AM,221969732.93903333
25012_AM,51194191.19655519
25019,48892431.26041252
25021_AM,78266747.5633864
25023,15255226.531768177
25025_AM,1234898512.5506618
25029_AM,262144439.8287141
25033_AM,101081866.5395629
25034_AM,856493964.6013534
25038_AM,139046803.15160134
25040,57223567.44203514
25048_AM,123636270.15588868
25050,35113263.05003413
25051_AM,640303216.7884531
25058,61716394.79564348
25062_AM,773185093.0696794
25072,55135160.17767745
25099_AM,61782505.34066569
25110,18184786.151230462
25113_AM,110571201.25597078
25119_AM,97833559.32516049
2512001,1594988.5846064033
2512002,17360467.66036416
2512003,1156505.2660284832
2512004,1434046.845735395
2512005,768739.247347228
2512006,1268886.2381296072
2512007,57767520.83742808
2512008_AD,130898197.16177212
25122_AM,106341228.12506354
25137,6952125.701536546
25158_AM,53940220.056818195
25171_AM,559173455.1185528
25172_AM,429755388.6055584
25173_AM,715208655.7356349
25189_AM,68717992.12592237
25192_AM,383445956.05225444
25193_AM,971889583.9551896
25203,15160219.128946759
25204_AM,456586624.4356207
25207,18244604.770622686
25209_AM,703995150.3825005
25217,88059924.55331743
25223_AM,737049437.218644
25228,23371679.422235347
25234,302695650.9234999
25240_AM,115617525.29298048
25243_AM,377836533.76362026
26002_AM,717851915.1102027
26005_AM,113918072.20174798
26011,194198812.1547224
26018,85477634.8269196
26021_AM,140154493.67766485
26026_AM,173981088.68841043
26036,93582814.35863812
26042_AM,418267671.7492735
26047_AM,614477808.0506302
26059_AM,712155632.1630827
26061_AM,1038144596.472901
26064_AM,94626474.29318914
26071_AM,42937033.853275
26084,20658103.175112598
2608901_AD,12581668.593810158
2608902,25977926.958484095
2608903,1214320.4933100378
2608904,20555649.007362682
2608905,18604948.10775314
26102,37466886.944833815
26117_AM,123143983.14031193
26125_AM,58856870.33689313
26129_AM,211486032.51427004
26138,40097842.2563235
26168,20464801.10714552
27005_AM,217677830.7906425
27006_AM,858145173.8077825
27010,177115201.446511
27011_AM,469077725.41960454
27013_AM,167358065.6942605
27014_AM,298771858.6791691
27015,144805820.1990841
27016,177111328.25423038
27018_AM,826062949.0956131
27019,100451110.08295499
27020_AM,447135145.64229
27021_AM,549681049.3608662
27022,294677753.16923034
27026_AM,455840771.9473031
2702801_AD,8795681.6356155
2702802,7252064.044082847
2702804_AD,82455546.93284479
2702805,9927540.713992715
2702806_AD,221707288.17631543
27030_AM,330747014.41597027
27031,199661334.07526514
27032_AM,261413314.9196331
27039_AM,266289717.00121742
27040_AM,304316142.48137337
27041_AM,416435872.6390298
27042_AM,311206936.8595596
27044_AM,371579280.63779557
27048_AM,248699060.5004077
27050_AM,562003483.5788885
27051,108712895.9376245
27057,184707971.0632078
27058_AM,287799023.37563765
27065,378683665.8965461
27066,108436345.20825791
27902,8064021.838130777
28002,19787477.76320088
28004,22019136.16809142
2800501,1759567.6162825206
2800502,16361210.230135547
2800503,28285475.72718816
2800504,15146507.710858122
2800505,26972122.731603082
2800601,45307407.65139662
2800701,22711718.555651657
2800702,3727024.116707178
2800703,1521026.4774976948
2800704,5693737.725255028
28008_AM,114976841.2917101
28009,37972544.04651779
28010,12678550.824655652
2801301,1461887.9406065664
2801302,1517703.5163912785
2801303,2326101.4408418736
2801304,184482295.35900813
28014,80468337.38590659
28015,20833595.396758314
28018,29571280.99277955
28022,47483735.05283734
28023,40944919.66262831
28026,49196264.66497405
28027_AM,563711957.9128487
28030_AM,46246448.24828118
28031_AM,145332134.66150114
28032_AM,53939483.53007325
28033,61887299.477306865
28038_AM,68244665.57085438
28040,49482632.00211708
28041,20804071.983337656
28043,126539393.63676973
28044,31542582.32694979
28045,183140709.29383457
28046,22331250.178056292
28047,25232778.322197374
2804901,1986030.7745523339
2804902,4442913.111084739
2804903_AD,5649037.986674747
28050_AM,18209529.201947756
28052_AM,159398110.2212449
28053,43176845.00456944
28054,68935341.91689649
2805801,258650.2116329756
2805802,5424803.066240322
2805803,558087.5771162286
2805804,16092237.753553146
2805805,370886.24071947706
2805806,7556131.238726155
2805807,2651128.3258819636
2805808,2811148.537615078
2805809,3538157.5826004664
28059,33192667.273713626
28060_AM,277866627.25139505
28061,65197476.88728818
2806501,12638017.403932434
2806502,2430852.8935613385
2806503,8768199.223281128
2806504,54908048.518633045
28066,17110168.201558337
28067_AM,72575378.73015521
28068,57416867.104964055
28072,45288890.40068409
28073,19710134.411189407
2807401,18715158.41290869
2807402,1149385.1332342979
2807403,7627214.413690565
2807404,1122427.1695122141
2807405,10087221.22332678
2807406,2313605.213118975
2807407,2287950.7839058177
28075,44377118.043048635
2807901,5212853.9677275205
2807902,6588281.46116572
2807903,5367037.703922445
2807904,5401046.36235989
2807905,9193753.668481657
2807906,5379124.213229704
2807907,4683859.191552823
2807908,238338069.69377264
2807909,46642511.37426127
2807910,25488625.518276203
2807911,14094617.783112004
2807912,7752518.148017001
2807913,14991628.475589234
2807914,6117802.083099497
2807915,11463238.317769505
2807916,27504866.544138324
2807917,20206862.415716816
2807918,51538709.251493454
2807919,35388987.40725551
2807920,22243644.242397785
2807921,41981123.42048156
2808001,28163437.011687282
2808002,10389730.592263428
28082,127135123.27446857
28083,34997092.78878035
28084,17963654.685080707
28085_AM,113448614.43923147
28086,49649275.841071546
28087,19262514.643026862
28089,31228802.243100293
28090,43721385.69736775
28091,45591967.45555317
2809201,20404601.517066624
2809202,7949776.545641642
2809203,1619870.1023548567
2809204,15034524.072738612
28095_AM,153603652.34682354
28096,101017807.0028886
28099_AM,76327111.20025857
28100,20134482.47007557
28104,43880387.70667319
2810601,25007020.119415134
28108,28568778.852178324
28110_AM,142076103.51275837
2811301,25345720.09760473
2811302,36754800.309242316
2811501,33891422.88260274
2811502,9296672.427015213
28119_AM,81274217.8144086
2812301,67527317.97786076
28125_AM,242233689.39510307
2812701,58320957.44463162
28129,38295346.28565286
28130,38866799.316979095
28131,56469112.503623344
28132,105297834.81974308
28133_AM,124101078.94234334
2813401,59312507.26567552
28137_AM,229995326.67078778
28140_AM,34435190.251025386
28141,24777158.791782092
28144,42320722.66911002
28145_AM,90874596.35077496
2814801,18359575.67171998
2814802,5703005.82949453
2814803,4537104.796311616
2814804,3873412.290187033
28149,8996966.969140287
28150,52184992.969356
28151_AM,56161122.767484084
28152,21784982.086384933
28154,43523480.16198842
28160,93951874.86968184
2816101,60240938.020824276
2816102,4043328.524617156
28162_AM,90211637.95353612
28164,34487718.38117523
28165_AM,149443995.72917786
28167,14404603.843638591
28171,77345087.22913086
28172,34601934.3648887
28176,34845168.8026406
28177,25512134.798859186
28180,119241802.42018616
28181,68294327.29368094
28901_AM,489534684.8926328
28903,37993597.49305136
29001,65234506.60484021
29002_AM,114743463.62775584
29005,9782554.069584405
29007,82868636.06347312
29008,73248627.05259006
29009_AM,95876394.02553658
29011_AM,229841650.97997177
29012,169977162.7886148
29015_AM,772757851.034449
29017,185985970.55930242
29023,145742156.41963175
2902501,13777117.710136445
2902502,7549877.96586299
2902503,5619535.060372489
29027_AM,20492243.539203852
29028_AM,356397822.2473984
29031_AM,329401744.81817555
29032,188198995.18085694
29038,105294600.35484771
29039_AM,133454297.55121459
29040_AM,243158201.0579598
29041,162783792.389576
29042,127624927.17872562
29045_AM,94817434.00004405
29046_AM,410427920.4014454
29049_AM,53581089.705449246
2905101,45357408.46684683
2905102,1439647.7539650137
2905103,91001481.78468323
2905401,3379104.2455801936
2905402,1430662.1387776274
2905403,5540429.465984833
2906701,882743.7522224599
2906702,129860036.85251947
2906703,197452.0096081027
2906704,885333.6186919599
2906705,195519.13697063646
2906706,77492910.86199665
2906707,58443000.89590469
2906708,84010181.90398096
2906709,3666121.303746068
2906710,12617099.798624683
2906711,27770005.482083507
29068,35574157.65154617
2906901,10407429.235694906
2906902,11834049.604336502
2906903,39992758.93179758
2906904,54840687.913040645
2907001,149135031.1052647
29072,74685710.3986711
29073_AM,80214095.93988031
29075,85303902.29560637
29076_AM,185629049.4194809
29079_AM,153384406.0258108
29080,63736768.336897455
29082_AM,52052416.11993678
29084_AM,461304398.37113875
29086_AM,124753171.31340024
29088_AM,211285490.5770409
29089_AM,177647804.02579385
29091,50546502.37385767
2909401,27566215.207968548
2909402_AD,59768404.38087696
2909403,9549244.883985078
2909404,61089745.59850699
29095_AM,92700739.16096844
29097_AM,103290036.5618723
29100_AM,183767709.21724495
29901,19832431.832522135
30001,235959527.5231587
30002,115171075.08398217
30003,252169823.13274992
30005,16246163.12034885
30007,23828601.446891762
30008,312280465.4568239
30009,16387432.049998123
30010,10127309.691588718
30011,87414186.33590595
30012,82607143.68288675
30013,185073460.0878455
30014_AM,151262053.336812
30015,860203254.8914151
3001601,898503.013290596
3001602,1052675.5612624527
3001603,1488363.5021016262
3001604,402114.2867449304
3001605,64680999.77017521
3001606,106589271.0069378
3001607,128132060.78238495
3001608,22799033.67553098
3001609,172778466.07487404
3001610,60129280.024654604
30017,299581790.3563587
30018,10287622.283118008
30019,367661865.14008677
30020,149665781.82773373
30021,274002209.3079408
30022,970442906.8632036
30023,56585991.311453536
3002401,6704269.891730588
3002402,1671256695.9089818
30025,15753073.369284976
30026,319437977.7113396
3002701,169801684.45415825
30028,956287081.7436612
30029_AM,664516791.0196049
3003001,5084505.127728701
3003002,3045599.6253169863
3003003,3661373.424590123
3003004,108397566.22107968
3003005,90004632.19033007
3003006,123973904.7592541
3003007,171822804.60653624
3003008,381228657.82235134
30033,145121159.513589
30035,75275359.48359232
30036,22322734.67049522
30037,189728554.27280435
30038,38855093.93780819
30039_AM,339058026.81054
30041,24828448.033109434
30042_AM,98696894.70375577
30043,606509040.4069979
30901,44154656.60290002
30902,19861294.49305996
31010_AM,60874267.07360763
31015_AM,189957040.68735954
31016,1913224.5526734232
31019_AM,736123316.3635796
31023,40618878.32651106
31029_AM,432409234.9243322
31036_AM,237209873.09892657
31038_AM,480645868.63438696
31041_AM,188227510.90667766
31042_AM,86200901.24292862
31050_AM,390370078.9759369
31060,2162035.4020119533
31067_AM,250651089.48535207
31070,18476536.17393533
31072_AM,80676324.29346326
31076_AM,91513707.25574307
31077,81180686.61484167
31078_AM,72968592.47713357
31084_AM,125924309.782753
31086,53508469.221149914
31088,48224540.532444574
31092_AM,1212183142.906709
31097,15405787.673097678
31098_AM,320053675.74667114
31104_AM,188457437.8296668
31108_AM,125061586.27347815
31122,3818570.0695366575
31138_AM,194846078.52502617
31142_AM,214156536.59666964
31149_AM,193434781.24118268
31157_AM,60648089.34297115
31163_AM,102540654.91450183
31165_AM,149303577.37932196
31169_AM,75200627.47055572
31176_AM,94331808.20176852
31191_AM,402554302.3731525
3120101,580627.7139736961
3120102,1355811.667067103
3120103,3573299.0885202703
3120104,4181838.210024807
3120105,3864309.3176660105
3120106,3761841.7218479286
3120107,6481309.304647171
3120108,1330467.3147900167
31202,88479416.67366149
31206_AM,81845962.00908902
31208_AM,106536386.37087928
31215,21089906.365116213
31216_AM,288550179.58729655
31221_AM,224071268.0384583
31227,98432130.17653377
31232,215901813.74701503
31249_AM,143769305.92629725
31250_AM,154447573.82694507
31251_AM,96507228.12507533
31258,1078661.5687564653
31260_AM,330135479.1126649
31901,1386291.1027512765
31902,25743796.955813933
31903,2692949.6044459837
31904_AM,252168869.65874812
31905_AM,84800576.76316223
31906_AM,46310354.31091622
31907,5097966.97356149
31908_AM,297361190.3504039
32001_AM,111205816.70806892
32004_AM,265591242.21109486
32007_AM,350879686.42670786
32008_AM,128375538.62792635
32009,85694815.61896852
32013_AM,317772584.6136137
32017_AM,706645460.6618454
32019,54402347.31000384
32020_AM,155735863.4636879
32024,67351846.86135022
32026_AM,77877633.89533696
32032,132757376.22883438
32042_AM,420996614.46125054
32043_AM,365580600.9058845
32045_AM,115164366.13412896
32050_AM,365610836.21942425
32051_AM,392734560.7208792
3205401,8643441.911530465
3205402,12070131.812579593
3205403,5676595.295312449
3205404,8211384.959084635
3205405,50004541.65193578
32056_AM,153437717.7424777
32058_AM,159350964.13137367
32063_AM,547160420.3360027
32067_AM,274952459.51053685
32069,25123960.40714348
32072_AM,178436924.0647741
32075_AM,90573244.10185464
32076_AM,205135130.83122578
32085,94139192.70099677
32086_AM,747564051.1916018
32091_AM,604934253.7911266
33001_AM,874296579.0134894
33002,376044803.0189006
3300401,26049245.98029581
33007_AM,462041564.34889615
33008_AM,525668680.31784755
33011,823541562.6740161
33012,212644012.52959886
33014,67401188.27022381
33015_AM,697568455.8199859
33016,55487959.59516805
33019_AM,110965747.18213432
33020_AM,70556708.31738013
33021,100721046.73420668
33023_AM,143860243.6037879
3302401,1068650.2933696227
3302402,252052.38104544178
3302403,2589902.223362507
3302404,1393444.958031767
3302405,14327467.30277193
3302406,2184792.8775708717
3302407,3081114.9106119755
3302408,2289726.865848854
3302409,154726512.8736386
33025,81154692.04191914
33026_AM,284861931.54929715
33031,82659268.23351097
33032,131042178.41659926
33033,315664124.2621513
33034,353420084.1843917
33035,105445438.52376989
33036,263412276.31840718
33037,146152352.3583418
33038_AM,141673611.0817044
33040_AM,192970866.01653716
33041,63383709.66838322
33042,5552439.7660546
3304401,423563.48526299605
3304402,2580873.1681922465
3304403,1828649.2148254653
3304404,5709646.100163193
3304405,1904932.654078769
3304406,4902932.224892507
3304407,370311.4712283719
3304408,3195166.5788749023
3304409,2733730.9444806785
3304410,1179618.697394923
3304411,564196.0264353227
3304412,11635585.688086182
3304413_AD,58422351.597047664
3304415,38725519.997902155
3304416,52054893.65969766
33045,126090896.07135862
33049,284216685.69534
33051_AM,175237336.26031086
33056,84396952.94182749
33059,226699576.23220822
33060,56193994.37180962
33066,210640552.3400293
33069_AM,43671215.04313319
33070_AM,191947575.21050367
33072_AM,990516029.8804251
33073,541961474.4830596
33074_AM,316235581.9224995
33076,275866231.89613295
34004_AM,336484666.7802417
34017_AM,630821285.5169582
34022_AM,911686594.3556074
34023,14257885.017819406
34047_AM,493790508.5846713
34056_AM,923588334.6614653
34069_AM,511777997.5358093
34079_AM,134789433.92362586
34080,62843092.730141975
34083_AM,697555455.5255082
3412001,226834.9632398739
3412002,69323948.46575758
3412003,214791.55928853346
3412004,1662572.4004452291
3412005,10312636.708643593
3412006,9360594.746406266
3412007,3881443.1431350186
34123_AM,741307904.0317221
34157_AM,519677127.7944876
34199_AM,1086308048.3310096
34225,40056986.20531516
34232_AM,855933631.5930852
35001,45405935.2334776
35002,78492933.2796142
35003_AM,354339072.99613225
3500401,3863784.4119197237
3500402,20087415.207237236
35006,32777103.241869524
35008,15819440.30039959
35009,62148052.39821822
35010,106867105.67553395
35011,38445081.182061516
35012,173352639.1828563
35013,32324576.08334094
35014,356850399.04511344
35015,383574965.0605498
3501601,33167262.982587684
3501602,6481549.468180675
3501603,11867774.92581043
3501604,8832245.345076641
3501605,41885106.27876665
35017,291874000.05656993
35018,41042352.505324185
3501901_AD,151343931.26985136
3501902,59506071.7893192
3501903,67276838.46733285
3501904,98828304.09835178
35020,124195756.87118587
35021,24283283.17279538
3502203,19610121.985303525
35023,42403539.40063778
35024,251404363.66431248
3502601_AD,6846455.063804394
3502602,2272968.036305048
3502603,27155628.701009195
3502604,33020290.103814792
3502606,31749426.559720516
35027,25933684.653140064
35028,64465209.393262215
35029,135134510.05380097
35030,277135612.18649805
35031,39563294.280039005
35032_AM,192445473.63435158
35033,37930636.82599784
35034,213625051.63260016
36003_AM,117824259.27459958
36004,30820097.79293288
36005,68188063.02481337
36006,23403429.735841874
36008,38114369.212381974
36009_AM,165083165.28885993
36015,79874263.26566744
36017,280929861.30120057
36018_AM,280315482.4504933
36021,74550808.22856562
36022,21584149.546491817
36023,20532401.43580895
36024,327022294.4366941
36026,36704485.393739425
36027,27769990.621382546
36028,52405588.66706075
36029,35047663.6077947
36030_AM,87483030.93738227
36032_AM,101641858.2639896
36033,53255909.138748504
36034_AM,108493466.9138873
36035,34616660.61157869
36037_AM,258723100.85652754
3603801,3564309.7275670925
3603802,4689342.8817860475
3603803,13262406.744338885
3603804_AD,45343748.61754857
3603805_AD,51542577.46846731
36039,61262400.22991925
36041,33957131.02490346
36042,125642948.13066922
36043,87049682.77569073
36044,6682822.201713148
36045,52085941.062080204
36046,19747441.099167965
36047_AM,377280731.35387915
36048,44138941.11565079
36049,35940952.21071035
36050,62577446.83662054
36051,45043175.177022986
36052,168044907.48653606
36053,24987299.63425207
36054,106653106.9030114
36055,68390996.10545124
36056_AM,70079525.37874407
3605701,1365402.809813908
3605702,1702407.3373114988
3605703,1691917.7012957009
3605704,3505441.654290672
3605705,5643385.83584871
3605706,5454248.759941088
3605707,22974798.774940126
3605708,39389726.45126872
3605709,23064962.109314207
36058,36909720.46898002
36059,155035132.99046996
36060,44139074.80924422
36061,33620649.78514303
36901,6684081.334445521
36902_AM,278467623.3533297
37008,46558434.8524478
37010_AM,778933136.4570374
37014_AM,716851141.8351059
37046_AM,106051153.0193969
37067_AM,73165141.0983444
37069_AM,284081717.24195343
37073_AM,535255206.3170719
37085,13639298.395597488
37092_AM,67617860.05248138
37103_AM,659628347.3157035
37107,240162199.59730616
37135_AM,864175440.2254947
37136_AM,926874012.6609653
37140_AM,1243630063.6079307
37142_AM,858061371.0532506
37156,63362109.159212664
37170_AM,610513891.5731155
37172_AM,559477152.1139879
37173_AM,685997467.3429933
37174_AM,546990072.686313
37246,22993528.56294018
3727401,978117.8914631339
3727402,3134630.8340099794
3727403,18408841.70908297
3727404,9680974.492506577
3727405,3248211.255727854
3727406,4094277.232061752
37294,10033186.610402046
37313_AM,527927631.85327446
37322_AM,114005665.26621018
37354_AM,124738843.17938364
37362,21807541.96374216
37374_AM,581598658.9519807
37376_AM,1037539282.6128123
38001,106266509.76082706
38004,34519570.74675944
38005,179495403.45121282
3800601,82077950.81152071
38008,30840028.137753483
38009,14417619.33303175
38010,66896428.92678238
38011,49456586.37715877
38013_AM,164835636.425218
38015_AM,53265793.79960922
38017,163251339.90514952
38018,24099566.385569684
38019,147894588.09031308
38020_AM,148705621.9704535
38022,95600142.10520022
3802301,13665834.756172132
3802302,11521849.371916287
3802303,7903463.706838429
3802304,17528325.059422158
3802305,29541079.029701713
3802306,22726814.058732606
38024,35914448.49012685
38025,13975425.662433129
38026,205708717.04972818
38027,136032023.13562942
38028,8839864.789810576
38029_AM,177541345.69812647
38031,56897455.776785485
38032,39359025.537790105
38033_AM,77891807.7496885
38034,20479031.360538077
38035_AM,98558067.68367195
38036_AM,163211134.07003352
38037,43446371.925812915
3803801,2209031.649248517
3803802,801747.8431357992
3803803,3916267.2749610674
3803804,1038763.292865339
3803805,1301144.0225997914
3803806,2172632.1525095142
3803807_AD,119566563.61834946
3803809,3715669.1459322367
3803810,1243140.930495595
3803811,5930727.022514097
3803812,8710801.396089224
38039,22621430.264871813
38040,51539444.41825481
38041,18429288.12628008
38042,24455490.56901291
38043,30037482.79557756
38045_AM,65671560.96331199
38046,26865936.88306775
38048,103613719.49267969
38049_AM,205975804.11727563
38051,18309939.950871058
38053_AM,126972426.64101057
39001_AM,99717463.36635228
39002_AM,108248238.54711097
39008,6821164.799153609
39009_AM,55649151.30158372
39012,33577471.53878802
39016,36591514.26272258
39018,19031983.872428223
39020_AM,195762641.3338158
39023,5931336.643414749
39025,45368428.53982348
39026_AM,338508668.9189372
39027_AM,313881161.08425546
39028,43177537.74035724
39035,15718049.373513736
39037_AM,101072790.6292403
39040,28388472.39510487
39041_AM,342104203.14523494
39042,26790974.914404236
39043_AM,63761124.66128331
39044,24487069.11758221
39047_AM,39300175.13784755
39052,83322937.69011787
39054,18010856.0449576
39055_AM,575098618.6365813
39056_AM,72424367.73770434
39059,4114593.874434347
39060,32192027.771152582
39061_AM,111586783.00450048
39073,17212649.50289858
39074,47812387.83249983
3907501,380952.547160886
3907502,1503954.5847195925
3907503,696281.8987965947
3907504,3122648.4798997357
3907505,2367073.25606592
3907506,820482.6911031951
3907507,2282682.480326142
3907508,23580520.128531735
39076,28427040.16620389
39078_AM,135539750.803886
39079,11204700.587263806
39080_AM,91890833.31770368
39082_AM,568940653.2909863
39085,24583276.793183018
3908701,984152.7081547937
3908702_AD,4857057.4082274465
3908703,6325718.387262739
3908704,23330936.133859374
39091_AM,610580279.357483
39094_AM,618667267.1753758
39099_AM,79348154.76464699
39102_AM,113792294.60593256
40032_AM,740889228.4164283
40040_AM,274758212.46175086
40041_AM,578494119.2209492
40043_AM,305849939.4817026
40057_AM,398581635.0161642
40063,217620869.04716063
40076,205208156.62286678
40101_AM,341003650.07294476
40112_AM,44791360.24151809
40138_AM,497542984.5271048
40141_AM,297931772.7700088
40145_AM,368773136.1134142
40149_AM,937789930.98046
40155,36667684.029173344
40170_AM,801737654.0660001
40181,145028628.97027805
4019401_AD,924539.6151467124
4019403,852013.4432814444
4019404,140941019.28263888
4019405,1820031.1192801306
4019406,567217.079698543
4019407,18772816.56395447
40225_AM,363627157.32013875
40906_AM,81363146.80060722
4100401,1050897.9549037502
4100403,1236743.8157460436
4100404_AD,282881984.81424373
41005,82107855.99431059
41007,17699567.918523733
41010,14156842.366161311
41011_AM,244147339.52932292
41012_AM,508422029.236546
41013,199333189.97735253
41015,32204971.0264316
41016,62474268.26212843
41017,12222810.215522114
41018,21479198.35925475
41019,43232097.58641273
41020,230156059.1895604
41021,11643386.801098524
41022,126287282.88211079
41023,107919040.62531656
41024,925619901.5075387
41026_AM,100887053.1426795
41027,324024817.10133415
41029,2175431.51864251
41032_AM,672359167.0565277
41033_AM,545571326.8430859
41034,62986793.849934645
41036_AM,91745302.13097532
4103801,1670482.9554515176
4103802,1421981.6725978963
4103803,3866603.4871415338
4103804,5009587.874687959
4103805,148563555.93760878
41039,980505997.6968745
41040,22750491.20385936
41041_AM,208381810.68766162
41042,150418275.43033215
41044,8269158.231010537
41045,130151569.12754014
41046_AM,64815170.29137233
41047,2908389.5014602784
41048_AM,601053746.2411865
41049,226998053.40574732
41050,53586822.35263835
41051_AM,79914831.37252192
41053,375987565.2838778
41055_AM,344364944.6658044
41056_AM,68517477.44505107
41058,69538532.0428416
41059,17518745.10043998
41060,378889216.59568065
41064,116927595.00257258
41065_AM,484262008.01323783
41067_AM,56563627.840913214
41068_AM,611307168.682724
41069,109663828.55567637
41070,13195229.68756207
41071,109763751.2669568
41072,60721050.91931403
41074_AM,237496689.33069795
41075,46026238.037065946
41076_AM,156078216.22469878
41077,190132487.63128856
41079,374591187.3405483
41080_AM,897253771.8425964
41081,139718413.42455342
41082,76820706.3350282
41084_AM,45704555.07184182
41085,57587941.13005803
41086,4134952.0531881107
41087,135524959.85122317
41089,8368362.384173936
41090_AM,209426811.45793548
4109101,4234252.781401814
4109102,3224308.5828102916
4109103,3198495.7358313245
4109104,7456972.697184332
4109105,7543684.308760167
4109106,9264219.941213822
4109107,38531064.982013345
4109108,5619570.937134692
4109109,30988470.961687956
4109110,16327744.278998476
4109111,15207594.895723142
41092,15504885.049938766
41093,5217203.209134413
41094,12566083.363141183
4109501,1046353.6053853012
4109502_AD,1467980.3599091955
4109503,1146207.8925943028
4109505,681915003.3611554
41096_AM,27259369.38087911
41098,4734055.446624754
41099,151162723.38710678
41101,41133484.17635094
41102,20268025.043439914
41902,114780286.89659111
41903,30494277.810264792
42020,166668938.8113674
42025_AM,2472454558.998285
42035_AM,2164938908.3869143
42043_AM,473474560.7385991
42069_AM,689195566.9549536
42094_AM,1557860677.9283297
42095_AM,821844224.7015026
42134_AM,351799074.8085143
42162_AM,1340739749.8329172
42173,272060145.8695556
43004,46947626.13711976
43005,46289185.235393606
43009_AM,334681728.1737459
43012,6899945.817929179
43013,66777982.23502772
43014,137818428.04862666
43016,14201367.092326224
43019_AM,394452782.34824693
43026_AM,295736177.8478978
43028_AM,52198686.89035473
43037,20397360.689306285
43038_AM,45914267.607256226
43042_AM,11130503.12821089
43043_AM,44328985.60921008
43044,109069178.30125743
43047,31058137.077624124
43050_AM,22726715.36738264
43051,9661111.016376814
43052_AM,427294987.1311233
43054_AM,112922534.85115308
43055_AM,170040238.47033215
43060_AM,272812050.2554792
43064_AM,198880916.2991947
43086,91558211.92151482
43090_AM,259011512.91208056
43092,63675454.41686825
43093,44948587.46344651
43094_AM,258954816.5377402
43100,5157529.65004557
43108_AM,132575180.44831131
43109_AM,21701382.40445744
4312301,290307.3951683444
4312302,759117.5832656388
4312303,1153059.4550897325
4312304,288773.5036579449
4312305,473152.62237975316
4312306,1845597.892203166
4312307,11812842.114459017
4312308,13929983.130986566
4312309_AD,22683506.2046302
43126_AM,155017163.17057642
43128_AM,147137816.98157296
43129_AM,51257547.96244217
43131,16315472.573204074
43133,137315639.50685027
43136,53159994.57825044
43137_AM,29276272.732051656
43138_AM,201122695.4850041
43139_AM,307056797.8424715
43140_AM,29955943.838777382
43145,35292648.062394165
4314801_AD,1257190.9428462822
4314804,1475644.8336677372
4314805,907649.9779543304
4314806,12123141.192376094
4314807,36798852.73135919
4314808,3038106.5531367688
4314809,527391.3769214081
43153,8664809.563705586
43155,218698052.52760735
43156,127194207.66826625
43161,55380496.304280065
43162,102868139.12749235
43163,36601865.26061179
43166_AM,38681824.09478589
43171,21605109.42325451
43176_AM,291612490.6491471
43901_AM,167034845.60242116
43904_AM,60648132.85222705
43905,15159102.622422349
43906_AM,136414135.29336601
43907,7108017.779442683
44008_AM,795843176.3133956
44009_AM,1370706290.117513
44013,472544069.64469504
44014_AM,475326997.13596165
44025,141452955.57410702
44050_AM,1027927191.3284916
44051_AM,314807352.6654303
44059_AM,2075379689.0536451
44068_AM,645553870.5120815
44076_AM,1323897086.8279314
44153_AM,648835759.7918164
44155_AM,1266647762.5098288
44158_AM,1094215173.4451733
44210_AM,1541196337.8366027
44216,440855857.5384432
44238_AM,649941506.2376764
44246_AM,526972984.0296334
45002_AM,82596647.54635131
45014,39629541.514277
45015_AM,176065098.8901798
45016,23795565.024241682
45019,89637375.8284078
45020_AM,831612422.0404778
45023_AM,63682724.31662157
45028,219803290.31355444
45031_AM,85228994.32508583
45037_AM,277039649.0208465
45038,24932071.716034193
45040_AM,377916679.4853981
45041,92267000.10235803
45045_AM,498788632.68023825
45046_AM,128793166.9449829
45047_AM,48811733.08219774
45052_AM,32938979.032268234
45053,359028038.79102117
45054_AM,536439502.04469407
45061_AM,188474369.77588055
45064_AM,85190557.32466802
45066,68372568.41762684
45069_AM,172452067.76833293
45071_AM,365010561.46914256
45081,57385363.838554494
45084_AM,554865410.5356263
45087,262393331.38559306
45098_AM,420093782.3277577
45099_AM,109289087.20758082
45101_AM,237502615.15706748
45102_AM,59954991.01028603
45106,168749695.73578557
45107,82223191.83452974
45109_AM,480532913.8454061
45112_AM,598852917.7076696
45115_AM,224790706.59117693
45118_AM,61691557.73208421
45119_AM,57845799.49534672
45121_AM,170856869.29117692
45122,40328952.44012623
45123,41369945.02573906
45124_AM,426703540.89298874
45125_AM,791063765.8552486
45132_AM,90539028.16778155
45133_AM,252123712.99567184
45135_AM,189541657.00300282
45136,141485416.23543414
45137_AM,717796916.0428152
45140_AM,383397461.9398628
45142,87960273.5503588
45145_AM,84510515.95898055
45156_AM,446514285.4502843
45157_AM,196296379.94690987
45158_AM,208378338.22675508
45161,71823873.05452202
45163,59768971.563189514
4516501,62254745.67622838
4516502,55622818.31295848
4516503,11399912.404672367
4516504,56995679.06414372
4516801_AD,1293818.2162305159
4516805,113934240.58059
4516806,25371710.604465388
4516807,91050065.08892192
45173,17361701.596250847
45176,15159116.582177533
45181_AM,324669696.0642514
45185,268817832.4558889
45187_AM,313245432.49047184
45197_AM,221568226.41089982
45199_AM,85822409.53613801
45200_AM,896446073.9143357
45201,20312707.463737126
45202,84773416.99964204
45203_AM,61107860.05259242
45205,15161771.331607046
46001_AM,370618011.63412124
46005,3916778.54311818
46006_AM,55830698.95161321
46007_AM,11083079.410152815
46008_AM,29109855.328637876
46011_AM,38645164.83528443
46013,8352187.0018791305
46014_AM,11612626.91275676
46015,9021193.279161068
46016_AM,52136568.454702266
46017,110558147.8301396
46019,23742301.185376544
46020,5201283.736957634
46021,16083848.978841184
46022_AM,10127676.909079524
46029,41528400.55726117
46031,24117456.93106601
46032,2755366.577781315
46035,10769056.472012801
46039_AM,55636862.023877874
46042_AM,136598595.15886086
46044,447152603.00599444
46048_AM,7778505.599259509
46051,25439654.116417132
46054,779493.3084279598
46060,20141073.84566114
46062,33531825.855753522
46070,75155384.11190805
46072,97078900.01962082
46074_AM,4564749.042963545
46077,112518389.64971602
46078,3513287.5984789142
46081,21851061.81442222
46082,3833483.2705451595
46083,59347243.56674065
46085,45698944.92583201
46093_AM,175696267.53766006
46094,12997312.022859449
46097_AM,801234494.692208
46098_AM,51552265.68179267
46102,19658621.881011873
46105,53890725.75245294
46106_AM,1117932858.8685713
46109,71526702.71888886
46110,5075431.270030993
46111_AM,216520070.41217124
46113_AM,6776581.024574822
46116,8769838.460375683
46118_AM,285693089.73014677
46122_AM,21880869.745468102
46126,6477738.200139624
46127_AM,13610736.052197795
4613101_AD,5015864.936973091
4613102,3891804.9911812167
4613104,12619795.57182907
4613105,372381.82572968776
4613106,653417.2210228895
4613107,38409328.76830453
46132_AM,45231512.42757836
46134_AM,113312377.49635647
46135,8350125.8314267695
46139,35308464.29506445
46143_AM,37102169.05264347
46145,76697705.71367818
46147_AM,299368130.7765132
46150_AM,111803126.23849726
46156_AM,94549017.78699274
46157_AM,28882234.87215005
46159,19668658.995438945
46160_AM,30012570.011129003
46164,6182009.551658157
46165,5620469.32399186
46166,4778977.01338384
46169,2349057.640260624
46170_AM,309644791.17092854
46171,15821421.705882166
46172_AM,77038774.86205089
46173_AM,71445286.72969115
46177_AM,12495090.564831909
46178,38754978.13835456
46179_AM,297492649.4312002
46181_AM,64211767.372756965
46183,32306131.914232414
46184,125567353.98666704
46186,3934625.2377470955
46190,36663271.22470913
46191_AM,430268320.6231284
46193,7201973.586243672
46194,85937464.60222355
46199,3598797.9185667424
46200_AM,73532012.10462981
46202,33189552.556973517
46203_AM,13989794.662208801
46204,26874293.47818707
46205,18121605.427350603
46207,4185969.794082476
46211_AM,25405553.870023616
46213,815204224.6955985
46214_AM,130115667.58431299
46216,2348131.245865598
46218_AM,69887693.05296326
4622001_AD,78696092.03882532
4622004_AD,34748639.91320854
4622006,15943687.832160413
4622007,3326147.9222299284
46223,1808849.8573174707
46228_AM,160998669.0115652
46230,25037193.287291188
46231_AM,58771566.9425859
46233,39275179.59221791
46235,92718236.68775003
46237,737663.6874245256
46238,49339466.373394854
4624401,939103.9959428239
4624402,442762.0096430559
4624403,1744866.8717364916
4624404,66250729.33944507
46248,80636761.40090072
46249,237168206.02637026
4625001,1714851.0015664021
4625002,1740894.8678014248
4625003,1980644.8666245802
4625004,5326763.637736136
4625005,1920765.3445707043
4625006,1685389.0435386908
4625007,1996045.9214558606
4625008,2932922.1630564593
4625009,3951078.5149560375
4625010,10848368.094316537
4625011,6879687.993936405
4625012,2363761.584172018
4625013,2946770.260445687
4625014,1559259.3410824495
4625015,2642648.572717161
4625016,3965456.0454447214
4625017,13583819.768103411
4625018,2026096.1792837933
4625019,66370697.492716715
46254_AM,518476367.6134384
46255_AM,57175782.44934973
46256,71183563.83443956
46257,20354687.831421874
46258_AM,94484350.6280707
46261_AM,307175136.00816137
46903,7978995.832977626
47004_AM,648063476.32437
47007_AM,118104372.25898008
47010,11739294.340546124
47023_AM,42113863.32692934
47030_AM,523123394.72426414
47050,61184818.50269013
47052,31799647.029863104
47071_AM,911098967.8060709
47075,60590694.94089342
47076,29168356.319331508
47085,153417571.62080756
47086_AM,326428161.4491096
47090_AM,178020883.91553435
47101_AM,536957298.9708785
47104_AM,425299161.50311244
47112_AM,126556929.82046852
47114,76187739.98361486
47129_AM,702453944.2589778
47139_AM,333613228.96082366
47155_AM,59241107.90368761
47161,42597446.12368057
47165,141811304.46880865
47173_AM,541509054.9566947
47175_AM,89686894.08542699
4718601,345744.48385065567
4718602,826449.6056254515
4718603,261886.8492278672
4718604,13143941.245205766
4718605,298093.9606978881
4718606,14455872.331702428
4718607,2294807.7147183763
4718608,18478019.340904735
4718609,673911.17694433
4718610,12904950.630209306
4718611,9804805.137283415
4718612,123934763.4130609
47197_AM,891017707.5795057
47214_AM,703015520.3493725
47217_AM,134683298.95420375
47231,20230806.00332028
48001_AM,59247353.2217315
48002,17614445.070041377
48003,58760122.1900505
48011,16549932.822278867
48012_AM,51171684.59326198
4801301,184923.60267512035
4801302,1000099.2014924373
4801303,158184.63411229677
4801304,398613.04923874413
4801305,822275.6656339626
4801306,761096.4684172566
4801307,16676465.542554723
4801308,3535721.689528535
4801309,1824165.6526050342
48015,6811860.366210827
48016,8612344.559540918
48017,33489375.75643054
48018_AM,125086481.58421247
48019_AM,36839709.88118767
4802001,4927275.994559878
4802002,4222497.936771767
4802003,3976555.2577228486
4802004,1793296.3036380669
4802005,9573548.299690701
4802006,2143696.5694943876
4802007,6491145.883222012
4802008,7622034.9811371
48022_AM,202025570.18558916
48026_AM,192023804.77784222
48027,10545605.497126736
48029,3281551.499778569
48032,36912826.787657276
48034,6357837.409845795
48036,31547929.47987192
48038_AM,79322742.44096251
48043,10036807.591353022
4804401,7721104.332968381
4804402,2742438.4453758057
4804403,1243750.069918157
48045_AM,102588336.8323909
48046,8487856.666964682
48054,8263889.113172925
48057,1811064.792028007
48060_AM,63142083.782577105
48065_AM,30070716.845474243
48068_AM,60616430.92392916
48069,44065665.70523612
48071_AM,30036836.918182723
48073,4240151.819887197
48074,33426011.589726992
48075_AM,160868669.63720715
48077_AM,13293944.459995806
48078,2871820.962628109
48080,12852209.780248769
48082,7436070.9478738345
48083,7832777.444696441
48084,3668972.1472998126
48085,8298200.411632575
48086_AM,86799878.0297393
48089_AM,33443713.81533112
48090,22388156.930427175
48094_AM,48987453.64585763
48095_AM,54141434.82634654
48096,31190816.277227473
48901,9729464.370478673
48902,18699256.892387215
48904_AM,22531214.07036712
48905_AM,55539625.06608468
48906_AM,88732036.68017074
48910_AM,68620085.20672902
49003_AM,815439555.6287102
49021,45177010.94096863
49054_AM,601027188.1132509
49065_AM,894454663.6045427
49071_AM,865522072.7241445
49081_AM,411225266.94353485
49127_AM,180837298.2647522
49129_AM,732296579.0186423
49151_AM,905698063.9968045
49166_AM,1136948169.727466
49178_AM,670000991.2915981
49187_AM,317892787.8768361
49193_AM,1120030002.255881
49200_AM,336637594.1745986
49206_AM,440842753.4902584
49219_AM,354792122.7911779
49250_AM,591349606.0122588
4927501,2050604.882176888
4927502,19469852.78393286
4927503,34864241.19497498
4927504,84020601.31094812
4927505,8985527.345893964
50008_AM,77748059.30247821
50018_AM,382045351.04641736
50025,56710709.96135103
50034_AM,887649959.5713757
50038_AM,607157530.3427912
50055_AM,114918418.9620781
50062_AM,50106037.543604486
50067,154433271.11888716
50073_AM,366851140.86181164
50074,503758887.39605945
50089_AM,20727536.635992967
50094_AM,673278869.9160221
50095_AM,739645654.8617359
50099_AM,255552077.72506782
50115,141861196.72257477
50118_AM,131762550.49932556
50126_AM,116209138.89234847
50130_AM,647344660.8002797
50150_AM,355263192.03537685
50159_AM,900335387.3705648
50160_AM,255519573.7568238
50163_AM,235067848.619749
50165_AM,763856709.5338564
50181_AM,912737522.1860559
50182,143481270.4468217
50204_AM,149260081.94572732
50208_AM,833315318.973397
50209_AM,34775422.64541542
50219,16985921.239503928
50222_AM,721589546.0895581
50225_AM,459819350.40901774
50230_AM,2215121287.5134883
50235_AM,360971522.0255648
50240_AM,602043578.8422413
50251_AM,263895673.35678598
50252,405077180.8619157
50272,17605992.773472838
50288,75598805.56214257
5029701,2010474.1940989238
5029702,1808247.8347900868
5029703,3282269.0544381277
5029704,74185463.43640298
5029705,3742172.1023508427
5029706,126637883.49373737
5029707,5334508.913668898
5029708,12576400.902804751
5029709,135315069.91716123
5029710,18001961.182194132
5029711,409255204.7871093
5029712,180940008.07056147
50298,332294751.2261422
50903_AM,332679160.71419305
5100101,577848.7680108458
5100102,2734294.628973216
5100103,1293893.0033552733
5100104,1123262.9642428772
5100105,980720.113600272
5100106,12622723.625748944
5200101_AD,654561.9524883145
5200102,395847.42296133155
5200104,1452704.8678994824
5200105,3381988.6649330663
5200106,545279.9790043789
5200107,2225014.0514941313
5200108,4613442.148971464
