"OD","origen_province","destino_province","viajes"
"1-1",1,1,718188.769766667
"1-10",1,10,35.3031666666667
"1-11",1,11,7.5288
"1-12",1,12,29.0320333333333
"1-13",1,13,23.6154666666667
"1-14",1,14,14.5843333333333
"1-15",1,15,38.2723
"1-16",1,16,8.79816666666667
"1-17",1,17,13.4454333333333
"1-18",1,18,19.7176666666667
"1-19",1,19,37.9158
"1-2",1,2,13.3856
"1-20",1,20,9572.1425
"1-21",1,21,15.9931666666667
"1-22",1,22,81.0661
"1-23",1,23,22.2368666666667
"1-24",1,24,151.4863
"1-25",1,25,45.6759666666667
"1-26",1,26,12496.0109666667
"1-27",1,27,12.5388333333333
"1-28",1,28,647.4796
"1-29",1,29,16.0134666666667
"1-3",1,3,39.3647333333333
"1-30",1,30,21.3103
"1-31",1,31,4735.2451
"1-32",1,32,27.8271
"1-33",1,33,102.329433333333
"1-34",1,34,136.459966666667
"1-35",1,35,3.80723333333333
"1-36",1,36,23.2476333333333
"1-37",1,37,96.0148333333333
"1-38",1,38,2.94856666666667
"1-39",1,39,959.5467
"1-4",1,4,1.23713333333333
"1-40",1,40,39.4835666666667
"1-41",1,41,30.4627
"1-42",1,42,37.1745666666667
"1-43",1,43,29.9167666666667
"1-44",1,44,46.3203666666667
"1-45",1,45,70.1357333333333
"1-46",1,46,148.725
"1-47",1,47,265.18
"1-48",1,48,25558.6814
"1-49",1,49,53.2510333333333
"1-5",1,5,8.42493333333333
"1-50",1,50,575.265333333333
"1-6",1,6,26.2058333333333
"1-7",1,7,0.476166666666667
"1-8",1,8,193.9536
"1-9",1,9,12340.6587333333
"10-1",10,1,61.7419666666667
"10-10",10,10,680416.706266667
"10-11",10,11,166.7894
"10-12",10,12,8.43926666666667
"10-13",10,13,153.9987
"10-14",10,14,134.8715
"10-15",10,15,33.0039333333333
"10-16",10,16,27.9108
"10-17",10,17,7.22073333333333
"10-18",10,18,32.0445333333333
"10-19",10,19,117.401633333333
"10-2",10,2,52.4165666666667
"10-20",10,20,47.8295333333333
"10-21",10,21,154.629633333333
"10-22",10,22,16.6127666666667
"10-23",10,23,53.1046333333333
"10-24",10,24,85.4927666666667
"10-25",10,25,14.3529
"10-26",10,26,18.7850666666667
"10-27",10,27,13.3151666666667
"10-28",10,28,2710.25606666667
"10-29",10,29,65.2139666666667
"10-3",10,3,44.4281333333333
"10-30",10,30,30.7799
"10-31",10,31,27.6173666666667
"10-32",10,32,22.9664333333333
"10-33",10,33,48.4026666666667
"10-34",10,34,64.4584666666667
"10-35",10,35,5.6248
"10-36",10,36,27.9314333333333
"10-37",10,37,4781.7209
"10-38",10,38,4.18253333333333
"10-39",10,39,29.0481333333333
"10-4",10,4,15.8182
"10-40",10,40,44.8485
"10-41",10,41,661.745833333334
"10-42",10,42,16.2699333333333
"10-43",10,43,8.64723333333333
"10-44",10,44,5.39396666666667
"10-45",10,45,3800.21436666667
"10-46",10,46,52.7105
"10-47",10,47,233.384266666667
"10-48",10,48,41.4925666666667
"10-49",10,49,133.875366666667
"10-5",10,5,1564.38413333333
"10-50",10,50,49.0127
"10-51",10,51,1.13696666666667
"10-6",10,6,22514.1672333333
"10-7",10,7,1.75933333333333
"10-8",10,8,47.7410666666667
"10-9",10,9,108.680466666667
"11-1",11,1,25.1073
"11-10",11,10,175.6046
"11-11",11,11,3088515.7093
"11-12",11,12,22.5139
"11-13",11,13,160.770366666667
"11-14",11,14,1046.63516666667
"11-15",11,15,55.2785333333333
"11-16",11,16,44.5268333333333
"11-17",11,17,15.0676333333333
"11-18",11,18,1085.6328
"11-19",11,19,65.3412666666667
"11-2",11,2,35.6068333333333
"11-20",11,20,14.4480333333333
"11-21",11,21,1190.19846666667
"11-22",11,22,6.4244
"11-23",11,23,583.637933333333
"11-24",11,24,27.0501333333333
"11-25",11,25,5.33046666666667
"11-26",11,26,7.20846666666667
"11-27",11,27,2.13713333333333
"11-28",11,28,1096.54693333333
"11-29",11,29,18620.9511666667
"11-3",11,3,98.7462333333333
"11-30",11,30,237.204833333333
"11-31",11,31,33.4670333333333
"11-32",11,32,4.21273333333333
"11-33",11,33,13.2205333333333
"11-34",11,34,12.4316666666667
"11-35",11,35,14.7808666666667
"11-36",11,36,15.7939333333333
"11-37",11,37,79.4499333333333
"11-38",11,38,9.10943333333333
"11-39",11,39,9.14456666666667
"11-4",11,4,269.7519
"11-40",11,40,11.8322333333333
"11-41",11,41,26463.7146666667
"11-42",11,42,6.94843333333333
"11-43",11,43,16.7079666666667
"11-44",11,44,2.1675
"11-45",11,45,111.423433333333
"11-46",11,46,148.5024
"11-47",11,47,72.8188333333333
"11-48",11,48,13.5418
"11-49",11,49,21.4314333333333
"11-5",11,5,10.0285666666667
"11-50",11,50,39.5932333333333
"11-51",11,51,2186.37966666667
"11-52",11,52,3.78493333333333
"11-6",11,6,449.199133333333
"11-7",11,7,18.7342333333333
"11-8",11,8,92.3222
"11-9",11,9,14.2014
"12-1",12,1,30.4117666666667
"12-10",12,10,12.9898333333333
"12-11",12,11,19.5426
"12-12",12,12,1307100.701
"12-13",12,13,172.0798
"12-14",12,14,59.5132666666667
"12-15",12,15,5.8758
"12-16",12,16,322.868066666667
"12-17",12,17,301.7568
"12-18",12,18,65.9123666666667
"12-19",12,19,42.6033333333333
"12-2",12,2,364.102733333333
"12-20",12,20,22.0712333333333
"12-21",12,21,23.7143
"12-22",12,22,82.7009
"12-23",12,23,90.7741
"12-24",12,24,17.7510333333333
"12-25",12,25,246.229966666667
"12-26",12,26,70.2488666666667
"12-27",12,27,2.76643333333333
"12-28",12,28,537.701666666667
"12-29",12,29,51.1356
"12-3",12,3,1821.36373333333
"12-30",12,30,648.043233333333
"12-31",12,31,174.131066666667
"12-32",12,32,3.52223333333333
"12-33",12,33,9.44616666666667
"12-34",12,34,5.20466666666667
"12-35",12,35,2.1796
"12-36",12,36,4.8067
"12-37",12,37,10.4423333333333
"12-38",12,38,1.98436666666667
"12-39",12,39,20.0119
"12-4",12,4,110.6591
"12-40",12,40,9.64953333333333
"12-41",12,41,79.5216333333333
"12-42",12,42,32.8278666666667
"12-43",12,43,10061.0361666667
"12-44",12,44,2691.13043333333
"12-45",12,45,83.6942666666666
"12-46",12,46,48250.6043666667
"12-47",12,47,24.5314333333333
"12-48",12,48,31.0060333333333
"12-49",12,49,9.55216666666666
"12-5",12,5,6.81783333333333
"12-50",12,50,424.4192
"12-51",12,51,0.3439
"12-6",12,6,15.7408
"12-7",12,7,17.5348333333333
"12-8",12,8,1747.40263333333
"12-9",12,9,28.7253666666667
"13-1",13,1,19.0574333333333
"13-10",13,10,140.7665
"13-11",13,11,163.002833333333
"13-12",13,12,142.189133333333
"13-13",13,13,907566.648033333
"13-14",13,14,1828.6584
"13-15",13,15,16.2984
"13-16",13,16,3516.71123333333
"13-17",13,17,42.2375666666667
"13-18",13,18,448.198933333333
"13-19",13,19,483.569033333333
"13-2",13,2,6509.4369
"13-20",13,20,23.4973666666667
"13-21",13,21,93.4938
"13-22",13,22,17.2033
"13-23",13,23,1857.3767
"13-24",13,24,21.1358333333333
"13-25",13,25,23.3570666666667
"13-26",13,26,19.354
"13-27",13,27,11.4441333333333
"13-28",13,28,8141.6068
"13-29",13,29,382.5525
"13-3",13,3,352.94
"13-30",13,30,391.625166666667
"13-31",13,31,57.7222
"13-32",13,32,14.7801666666667
"13-33",13,33,23.0227666666667
"13-34",13,34,18.2830333333333
"13-35",13,35,2.6166
"13-36",13,36,9.06623333333333
"13-37",13,37,32.0646
"13-38",13,38,1.7297
"13-39",13,39,24.0477333333333
"13-4",13,4,117.7548
"13-40",13,40,53.9389666666667
"13-41",13,41,719.149933333333
"13-42",13,42,48.6033333333333
"13-43",13,43,79.2078333333333
"13-44",13,44,26.7936666666667
"13-45",13,45,15196.3576
"13-46",13,46,994.383266666666
"13-47",13,47,84.9745
"13-48",13,48,33.0662
"13-49",13,49,35.8826666666667
"13-5",13,5,43.4472333333333
"13-50",13,50,103.805833333333
"13-6",13,6,1144.59253333333
"13-7",13,7,2.04693333333333
"13-8",13,8,191.0129
"13-9",13,9,65.6716666666667
"14-1",14,1,18.4018666666667
"14-10",14,10,147.787533333333
"14-11",14,11,1059.43903333333
"14-12",14,12,49.3682333333333
"14-13",14,13,1809.7276
"14-14",14,14,1751691.61123333
"14-15",14,15,7.7657
"14-16",14,16,80.5730333333333
"14-17",14,17,12.3724666666667
"14-18",14,18,4780.13303333333
"14-19",14,19,64.5907666666667
"14-2",14,2,134.961266666667
"14-20",14,20,10.9989666666667
"14-21",14,21,541.461766666667
"14-22",14,22,15.9023
"14-23",14,23,10942.1564666667
"14-24",14,24,13.6662333333333
"14-25",14,25,14.5575666666667
"14-26",14,26,15.7344
"14-27",14,27,5.53463333333333
"14-28",14,28,1184.30593333333
"14-29",14,29,9514.56726666667
"14-3",14,3,91.1231
"14-30",14,30,167.315133333333
"14-31",14,31,42.8017
"14-32",14,32,2.25303333333333
"14-33",14,33,14.6997333333333
"14-34",14,34,7.4511
"14-35",14,35,9.11143333333333
"14-36",14,36,7.91153333333333
"14-37",14,37,29.3810333333333
"14-38",14,38,5.28796666666667
"14-39",14,39,11.4362
"14-4",14,4,267.0389
"14-40",14,40,14.0089666666667
"14-41",14,41,23072.3276
"14-42",14,42,23.1413666666667
"14-43",14,43,67.8248333333333
"14-44",14,44,11.9403333333333
"14-45",14,45,267.385
"14-46",14,46,234.227366666667
"14-47",14,47,30.6035333333333
"14-48",14,48,8.78146666666667
"14-49",14,49,16.3524
"14-5",14,5,9.30886666666667
"14-50",14,50,82.7931333333333
"14-51",14,51,3.89663333333333
"14-52",14,52,2.81416666666667
"14-6",14,6,2359.13296666667
"14-7",14,7,6.86046666666667
"14-8",14,8,145.644033333333
"14-9",14,9,24.7217333333333
"15-1",15,1,33.9911
"15-10",15,10,32.0588333333333
"15-11",15,11,33.8743333333333
"15-12",15,12,7.61916666666667
"15-13",15,13,13.2924
"15-14",15,14,9.05116666666667
"15-15",15,15,2919278.85596667
"15-16",15,16,28.9663
"15-17",15,17,14.7389333333333
"15-18",15,18,7.59913333333333
"15-19",15,19,39.4040666666667
"15-2",15,2,11.1923
"15-20",15,20,59.8357333333333
"15-21",15,21,7.05233333333333
"15-22",15,22,15.0923333333333
"15-23",15,23,7.64916666666667
"15-24",15,24,1175.15803333333
"15-25",15,25,11.4773666666667
"15-26",15,26,35.0424333333333
"15-27",15,27,20977.3342666667
"15-28",15,28,1235.1651
"15-29",15,29,14.6726
"15-3",15,3,42.3727
"15-30",15,30,34.1948
"15-31",15,31,44.3049666666667
"15-32",15,32,4175.0689
"15-33",15,33,1095.64876666667
"15-34",15,34,43.9385666666667
"15-35",15,35,63.4074333333333
"15-36",15,36,70783.0072666667
"15-37",15,37,59.5854666666667
"15-38",15,38,35.2443
"15-39",15,39,143.9616
"15-4",15,4,6.7532
"15-40",15,40,40.9026
"15-41",15,41,51.9735666666667
"15-42",15,42,12.3989666666667
"15-43",15,43,17.1215333333333
"15-44",15,44,5.01533333333333
"15-45",15,45,57.7525
"15-46",15,46,62.0148666666667
"15-47",15,47,170.709666666667
"15-48",15,48,132.048733333333
"15-49",15,49,299.641733333333
"15-5",15,5,38.6502333333333
"15-50",15,50,90.5696
"15-51",15,51,0.569433333333333
"15-52",15,52,1.52053333333333
"15-6",15,6,25.9586
"15-7",15,7,44.3289333333333
"15-8",15,8,233.027566666667
"15-9",15,9,85.1686666666667
"16-1",16,1,7.01456666666667
"16-10",16,10,38.4698
"16-11",16,11,32.5006333333333
"16-12",16,12,285.855966666667
"16-13",16,13,3544.48533333333
"16-14",16,14,67.531
"16-15",16,15,16.9992666666667
"16-16",16,16,278353.829466667
"16-17",16,17,38.7160666666667
"16-18",16,18,52.8309666666667
"16-19",16,19,2428.16373333333
"16-2",16,2,14054.2655
"16-20",16,20,8.3873
"16-21",16,21,11.0168666666667
"16-22",16,22,10.6289333333333
"16-23",16,23,140.9954
"16-24",16,24,35.1128666666667
"16-25",16,25,14.9942333333333
"16-26",16,26,18.4771666666667
"16-27",16,27,12.5105333333333
"16-28",16,28,6515.06536666667
"16-29",16,29,32.9425666666667
"16-3",16,3,399.8391
"16-30",16,30,590.4721
"16-31",16,31,33.5277666666667
"16-32",16,32,7.51266666666667
"16-33",16,33,22.6634333333333
"16-34",16,34,8.56693333333333
"16-35",16,35,1.0479
"16-36",16,36,13.5258
"16-37",16,37,31.6548
"16-38",16,38,1.2708
"16-39",16,39,18.2147333333333
"16-4",16,4,43.9151333333333
"16-40",16,40,49.7188
"16-41",16,41,91.2269333333333
"16-42",16,42,31.4800333333333
"16-43",16,43,83.6560333333333
"16-44",16,44,157.914066666667
"16-45",16,45,5667.3491
"16-46",16,46,4398.63873333333
"16-47",16,47,83.5539666666667
"16-48",16,48,16.0668
"16-49",16,49,53.5195
"16-5",16,5,31.1579
"16-50",16,50,87.0329666666667
"16-52",16,52,0.463066666666667
"16-6",16,6,46.8668
"16-7",16,7,4.10846666666667
"16-8",16,8,119.9876
"16-9",16,9,48.2433666666667
"17-1",17,1,16.2623333333333
"17-10",17,10,5.8173
"17-11",17,11,7.56656666666667
"17-12",17,12,375.738366666667
"17-13",17,13,32.5141666666667
"17-14",17,14,11.3581333333333
"17-15",17,15,8.7505
"17-16",17,16,27.5578
"17-17",17,17,1613814.118
"17-18",17,18,31.5017
"17-19",17,19,73.8464666666667
"17-2",17,2,25.8030666666667
"17-20",17,20,17.8554333333333
"17-21",17,21,21.0967333333333
"17-22",17,22,199.808833333333
"17-23",17,23,29.8487
"17-24",17,24,10.7447666666667
"17-25",17,25,4535.52163333333
"17-26",17,26,27.7190666666667
"17-27",17,27,3.4522
"17-28",17,28,326.196233333333
"17-29",17,29,17.3542666666667
"17-3",17,3,163.540466666667
"17-30",17,30,227.870666666667
"17-31",17,31,42.2774666666667
"17-32",17,32,2.0434
"17-33",17,33,17.2081
"17-34",17,34,2.2392
"17-35",17,35,3.6418
"17-36",17,36,14.4783333333333
"17-37",17,37,10.3948333333333
"17-38",17,38,0.737
"17-39",17,39,11.3312
"17-4",17,4,47.4239666666667
"17-40",17,40,3.22303333333333
"17-41",17,41,28.8969333333333
"17-42",17,42,21.0702
"17-43",17,43,1624.6999
"17-44",17,44,32.4721333333333
"17-45",17,45,32.6283333333333
"17-46",17,46,515.085033333333
"17-47",17,47,13.0632333333333
"17-48",17,48,18.9282333333333
"17-49",17,49,4.8447
"17-5",17,5,1.31386666666667
"17-50",17,50,366.5343
"17-6",17,6,11.0126
"17-7",17,7,10.5499
"17-8",17,8,105611.338966667
"17-9",17,9,26.7288333333333
"18-1",18,1,11.5376
"18-10",18,10,32.5708
"18-11",18,11,950.187166666667
"18-12",18,12,70.8421333333333
"18-13",18,13,335.606866666667
"18-14",18,14,4645.27256666667
"18-15",18,15,4.59063333333333
"18-16",18,16,48.8239
"18-17",18,17,38.8302333333333
"18-18",18,18,2063555.03946667
"18-19",18,19,51.4838666666667
"18-2",18,2,127.423533333333
"18-20",18,20,18.7521333333333
"18-21",18,21,208.078033333333
"18-22",18,22,12.4244
"18-23",18,23,11590.7718
"18-24",18,24,17.7746333333333
"18-25",18,25,9.1638
"18-26",18,26,17.5281
"18-27",18,27,3.0256
"18-28",18,28,1154.02883333333
"18-29",18,29,12372.3637333333
"18-3",18,3,591.499833333333
"18-30",18,30,2102.00593333333
"18-31",18,31,49.4680333333333
"18-32",18,32,3.01833333333333
"18-33",18,33,13.711
"18-34",18,34,4.50486666666667
"18-35",18,35,15.153
"18-36",18,36,2.83093333333333
"18-37",18,37,12.6188
"18-38",18,38,11.2755333333333
"18-39",18,39,9.03886666666667
"18-4",18,4,12331.0368333333
"18-40",18,40,14.4797333333333
"18-41",18,41,1820.66516666667
"18-42",18,42,30.0843666666667
"18-43",18,43,70.9619
"18-44",18,44,12.5204333333333
"18-45",18,45,196.1337
"18-46",18,46,341.2579
"18-47",18,47,26.6599
"18-48",18,48,16.0785
"18-49",18,49,12.2278666666667
"18-5",18,5,13.4770333333333
"18-50",18,50,51.6153333333333
"18-51",18,51,7.3932
"18-52",18,52,96.3862
"18-6",18,6,97.3259666666666
"18-7",18,7,53.3584333333333
"18-8",18,8,261.062233333333
"18-9",18,9,25.5941
"19-1",19,1,42.3773333333333
"19-10",19,10,114.3605
"19-11",19,11,50.109
"19-12",19,12,82.6166333333333
"19-13",19,13,509.487766666667
"19-14",19,14,64.2705333333333
"19-15",19,15,35.7122666666667
"19-16",19,16,2350.37886666667
"19-17",19,17,36.1838666666667
"19-18",19,18,71.5453
"19-19",19,19,398563.453
"19-2",19,2,322.705033333333
"19-20",19,20,39.6559
"19-21",19,21,13.3922
"19-22",19,22,76.3849333333334
"19-23",19,23,194.8765
"19-24",19,24,52.5594666666666
"19-25",19,25,96.0032
"19-26",19,26,81.4347
"19-27",19,27,19.1310333333333
"19-28",19,28,72726.4607
"19-29",19,29,69.131
"19-3",19,3,157.201133333333
"19-30",19,30,195.970666666667
"19-31",19,31,224.747966666667
"19-32",19,32,17.3464666666667
"19-33",19,33,33.5670666666667
"19-34",19,34,36.7515666666667
"19-35",19,35,1.9514
"19-36",19,36,24.3920333333333
"19-37",19,37,60.4593333333333
"19-38",19,38,2.7686
"19-39",19,39,47.7108
"19-4",19,4,36.4490333333333
"19-40",19,40,315.540966666667
"19-41",19,41,98.9845333333333
"19-42",19,42,367.2587
"19-43",19,43,71.4502666666667
"19-44",19,44,330.423666666667
"19-45",19,45,1733.29766666667
"19-46",19,46,403.808133333333
"19-47",19,47,148.747966666667
"19-48",19,48,61.8486333333334
"19-49",19,49,106.115066666667
"19-5",19,5,69.9246666666667
"19-50",19,50,842.583
"19-51",19,51,0.4914
"19-6",19,6,88.5948
"19-7",19,7,4.46716666666667
"19-8",19,8,422.662066666667
"19-9",19,9,157.040633333333
"2-1",2,1,11.7257666666667
"2-10",2,10,58.4752333333333
"2-11",2,11,37.3396
"2-12",2,12,286.3124
"2-13",2,13,6573.84133333333
"2-14",2,14,149.285366666667
"2-15",2,15,5.0121
"2-16",2,16,14018.1378666667
"2-17",2,17,32.857
"2-18",2,18,131.6434
"2-19",2,19,244.419433333333
"2-2",2,2,767843.254133333
"2-20",2,20,11.9084
"2-21",2,21,25.6310333333333
"2-22",2,22,15.9843333333333
"2-23",2,23,1185.04073333333
"2-24",2,24,23.4370333333333
"2-25",2,25,31.423
"2-26",2,26,22.8162
"2-27",2,27,4.52336666666667
"2-28",2,28,1738.0871
"2-29",2,29,58.9725
"2-3",2,3,6517.1004
"2-30",2,30,9221.47303333333
"2-31",2,31,40.0780666666667
"2-32",2,32,6.97813333333333
"2-33",2,33,22.5707333333333
"2-34",2,34,20.1638666666667
"2-35",2,35,4.40753333333333
"2-36",2,36,3.912
"2-37",2,37,25.1114666666667
"2-38",2,38,2.7602
"2-39",2,39,10.9639
"2-4",2,4,210.320033333333
"2-40",2,40,35.3213333333333
"2-41",2,41,144.695266666667
"2-42",2,42,13.1209666666667
"2-43",2,43,120.171066666667
"2-44",2,44,49.4476333333333
"2-45",2,45,1347.8263
"2-46",2,46,5619.4313
"2-47",2,47,43.9002666666667
"2-48",2,48,16.7818333333333
"2-49",2,49,35.0541
"2-5",2,5,32.1822333333333
"2-50",2,50,88.408
"2-51",2,51,0.499333333333333
"2-6",2,6,91.9907666666667
"2-7",2,7,3.24656666666667
"2-8",2,8,201.102066666667
"2-9",2,9,31.1844333333333
"20-1",20,1,9588.15793333333
"20-10",20,10,46.8054
"20-11",20,11,16.1325333333333
"20-12",20,12,34.7274333333333
"20-13",20,13,27.832
"20-14",20,14,11.8996666666667
"20-15",20,15,47.4258
"20-16",20,16,6.39503333333333
"20-17",20,17,15.7934333333333
"20-18",20,18,12.1347
"20-19",20,19,59.8675666666667
"20-2",20,2,10.9011666666667
"20-20",20,20,1529832.03773333
"20-21",20,21,3.16893333333333
"20-22",20,22,95.5709
"20-23",20,23,23.9852
"20-24",20,24,133.9911
"20-25",20,25,49.0585
"20-26",20,26,618.554466666667
"20-27",20,27,32.3613666666667
"20-28",20,28,851.9095
"20-29",20,29,12.4204
"20-3",20,3,42.2868333333333
"20-30",20,30,19.7057
"20-31",20,31,9632.739
"20-32",20,32,30.9447
"20-33",20,33,192.793733333333
"20-34",20,34,83.7887
"20-35",20,35,2.6226
"20-36",20,36,62.4073666666667
"20-37",20,37,68.0163
"20-38",20,38,2.51263333333333
"20-39",20,39,862.693633333333
"20-4",20,4,3.80173333333333
"20-40",20,40,37.9780333333333
"20-41",20,41,28.9876333333333
"20-42",20,42,54.6420666666667
"20-43",20,43,24.6607
"20-44",20,44,45.8204333333333
"20-45",20,45,59.8672333333333
"20-46",20,46,118.0394
"20-47",20,47,153.1468
"20-48",20,48,28750.4720666667
"20-49",20,49,69.3896
"20-5",20,5,8.68763333333333
"20-50",20,50,584.499466666667
"20-6",20,6,32.2106666666667
"20-7",20,7,4.18276666666667
"20-8",20,8,297.178066666667
"20-9",20,9,885.9535
"21-1",21,1,49.0373
"21-10",21,10,308.461833333333
"21-11",21,11,1075.2414
"21-12",21,12,36.8205666666667
"21-13",21,13,97.4367
"21-14",21,14,587.311366666667
"21-15",21,15,8.6359
"21-16",21,16,24.3691
"21-17",21,17,48.0571333333333
"21-18",21,18,222.221066666667
"21-19",21,19,20.5569
"21-2",21,2,32.2088666666667
"21-20",21,20,11.8856
"21-21",21,21,1049325.59616667
"21-22",21,22,0.4494
"21-23",21,23,296.242433333333
"21-24",21,24,14.3685666666667
"21-25",21,25,9.6878
"21-26",21,26,4.83353333333333
"21-27",21,27,1.1321
"21-28",21,28,367.180266666667
"21-29",21,29,341.738666666667
"21-3",21,3,33.8005333333333
"21-30",21,30,100.782133333333
"21-31",21,31,21.3636666666667
"21-32",21,32,1.04566666666667
"21-33",21,33,14.8074
"21-34",21,34,9.76246666666667
"21-35",21,35,4.87043333333333
"21-36",21,36,5.7433
"21-37",21,37,85.2552666666667
"21-38",21,38,3.12703333333333
"21-39",21,39,4.55733333333333
"21-4",21,4,50.9796666666667
"21-40",21,40,5.5558
"21-41",21,41,22167.2935666667
"21-42",21,42,5.362
"21-43",21,43,16.3818666666667
"21-44",21,44,1.3218
"21-45",21,45,63.6515
"21-46",21,46,137.9201
"21-47",21,47,35.2703666666667
"21-48",21,48,12.7487666666667
"21-49",21,49,10.2075666666667
"21-5",21,5,4.49803333333333
"21-50",21,50,11.4277333333333
"21-51",21,51,7.67343333333333
"21-52",21,52,0.2171
"21-6",21,6,3231.77896666667
"21-7",21,7,1.09426666666667
"21-8",21,8,68.0827333333333
"21-9",21,9,19.1144333333333
"22-1",22,1,72.6086333333333
"22-10",22,10,11.1171333333333
"22-11",22,11,4.43643333333333
"22-12",22,12,89.8698
"22-13",22,13,17.5743
"22-14",22,14,8.55273333333333
"22-15",22,15,4.98156666666667
"22-16",22,16,16.0032333333333
"22-17",22,17,220.076933333333
"22-18",22,18,8.8284
"22-19",22,19,83.9041333333333
"22-2",22,2,8.81203333333333
"22-20",22,20,90.6399666666667
"22-21",22,21,1.33263333333333
"22-22",22,22,455261.654033333
"22-23",22,23,9.2557
"22-24",22,24,19.8988
"22-25",22,25,14086.7271333333
"22-26",22,26,118.8309
"22-27",22,27,3.10886666666667
"22-28",22,28,382.6527
"22-29",22,29,5.84233333333333
"22-3",22,3,32.8265666666667
"22-30",22,30,25.636
"22-31",22,31,546.0531
"22-32",22,32,5.2945
"22-33",22,33,24.2929666666667
"22-34",22,34,13.2061666666667
"22-35",22,35,0.491633333333333
"22-36",22,36,3.28943333333333
"22-37",22,37,7.99643333333333
"22-38",22,38,0.4495
"22-39",22,39,29.2219666666667
"22-4",22,4,4.3386
"22-40",22,40,8.39003333333333
"22-41",22,41,10.8863333333333
"22-42",22,42,72.0290666666667
"22-43",22,43,665.3955
"22-44",22,44,523.266466666667
"22-45",22,45,54.2622666666667
"22-46",22,46,165.228133333333
"22-47",22,47,19.1746
"22-48",22,48,62.9298333333333
"22-49",22,49,9.0726
"22-5",22,5,2.97623333333333
"22-50",22,50,19528.2033
"22-6",22,6,8.64686666666666
"22-7",22,7,1.20306666666667
"22-8",22,8,1765.70966666667
"22-9",22,9,43.5692
"23-1",23,1,24.3061
"23-10",23,10,55.2873
"23-11",23,11,556.746066666667
"23-12",23,12,96.2162666666667
"23-13",23,13,1826.71776666667
"23-14",23,14,10901.3355333333
"23-15",23,15,4.26436666666667
"23-16",23,16,139.833
"23-17",23,17,28.8727333333333
"23-18",23,18,11759.1165333333
"23-19",23,19,171.650133333333
"23-2",23,2,1202.3973
"23-20",23,20,22.9655666666667
"23-21",23,21,230.8381
"23-22",23,22,11.1771333333333
"23-23",23,23,1188601.12006667
"23-24",23,24,18.3318333333333
"23-25",23,25,19.9415
"23-26",23,26,22.4220666666667
"23-27",23,27,6.85743333333333
"23-28",23,28,1909.92023333333
"23-29",23,29,2143.9206
"23-3",23,3,213.813366666667
"23-30",23,30,380.254966666667
"23-31",23,31,58.3133666666667
"23-32",23,32,9.00433333333333
"23-33",23,33,16.8075333333333
"23-34",23,34,9.53453333333333
"23-35",23,35,2.2182
"23-36",23,36,6.49083333333333
"23-37",23,37,12.3902666666667
"23-38",23,38,2.07706666666667
"23-39",23,39,13.5303666666667
"23-4",23,4,1116.92266666667
"23-40",23,40,34.5901333333333
"23-41",23,41,1967.40863333333
"23-42",23,42,22.6274
"23-43",23,43,67.3580333333333
"23-44",23,44,12.7556333333333
"23-45",23,45,416.5438
"23-46",23,46,418.1167
"23-47",23,47,39.623
"23-48",23,48,24.8524333333333
"23-49",23,49,25.0377
"23-5",23,5,21.8328333333333
"23-50",23,50,86.1901666666667
"23-51",23,51,2.18173333333333
"23-52",23,52,3.6839
"23-6",23,6,141.2589
"23-7",23,7,6.60356666666667
"23-8",23,8,205.6979
"23-9",23,9,29.9536333333333
"24-1",24,1,127.759133333333
"24-10",24,10,92.4251
"24-11",24,11,20.9602333333333
"24-12",24,12,8.2654
"24-13",24,13,31.6826333333333
"24-14",24,14,15.7818333333333
"24-15",24,15,1224.80316666667
"24-16",24,16,58.4478666666667
"24-17",24,17,9.7757
"24-18",24,18,11.9749
"24-19",24,19,51.0613333333333
"24-2",24,2,32.675
"24-20",24,20,103.4856
"24-21",24,21,16.4349333333333
"24-22",24,22,26.0347
"24-23",24,23,17.3506333333333
"24-24",24,24,1072822.4382
"24-25",24,25,37.288
"24-26",24,26,136.7263
"24-27",24,27,1382.34733333333
"24-28",24,28,1620.1256
"24-29",24,29,14.9556
"24-3",24,3,43.2118666666667
"24-30",24,30,54.6988
"24-31",24,31,107.649966666667
"24-32",24,32,3318.63276666667
"24-33",24,33,4051.12733333333
"24-34",24,34,2535.32376666667
"24-35",24,35,3.2216
"24-36",24,36,462.5098
"24-37",24,37,858.902266666667
"24-38",24,38,0.365733333333333
"24-39",24,39,351.011266666667
"24-4",24,4,8.6731
"24-40",24,40,266.569033333333
"24-41",24,41,55.9512333333333
"24-42",24,42,104.435266666667
"24-43",24,43,21.1149666666667
"24-44",24,44,8.63103333333333
"24-45",24,45,134.896866666667
"24-46",24,46,114.554866666667
"24-47",24,47,4394.8691
"24-48",24,48,147.072833333333
"24-49",24,49,6160.02836666667
"24-5",24,5,208.588433333333
"24-50",24,50,143.514233333333
"24-51",24,51,0.7694
"24-52",24,52,0.241966666666667
"24-6",24,6,41.4123
"24-7",24,7,1.98163333333333
"24-8",24,8,124.9536
"24-9",24,9,1086.46553333333
"25-1",25,1,29.3006666666667
"25-10",25,10,13.4896333333333
"25-11",25,11,6.35426666666667
"25-12",25,12,241.983233333333
"25-13",25,13,30.6893666666667
"25-14",25,14,12.4791
"25-15",25,15,7.8951
"25-16",25,16,14.0179
"25-17",25,17,4355.46646666667
"25-18",25,18,11.7630666666667
"25-19",25,19,77.7623333333333
"25-2",25,2,26.8262666666667
"25-20",25,20,42.8721666666667
"25-21",25,21,3.99866666666667
"25-22",25,22,14018.8076333333
"25-23",25,23,20.3998333333333
"25-24",25,24,38.8518666666667
"25-25",25,25,884465.470333334
"25-26",25,26,92.0017
"25-27",25,27,7.57483333333333
"25-28",25,28,415.925233333333
"25-29",25,29,9.23146666666667
"25-3",25,3,61.8313
"25-30",25,30,63.3151666666666
"25-31",25,31,168.447966666667
"25-32",25,32,7.48123333333333
"25-33",25,33,11.4389333333333
"25-34",25,34,16.1630333333333
"25-35",25,35,1.04056666666667
"25-36",25,36,6.42146666666667
"25-37",25,37,4.58306666666667
"25-38",25,38,0.551133333333333
"25-39",25,39,19.7997
"25-4",25,4,10.8608666666667
"25-40",25,40,6.45116666666667
"25-41",25,41,25.6010666666667
"25-42",25,42,50.1401
"25-43",25,43,9133.13163333333
"25-44",25,44,170.2964
"25-45",25,45,48.8268333333333
"25-46",25,46,288.6791
"25-47",25,47,23.2805333333333
"25-48",25,48,32.7260333333333
"25-49",25,49,9.19733333333333
"25-5",25,5,2.23933333333333
"25-50",25,50,1989.4324
"25-6",25,6,13.3315666666667
"25-7",25,7,10.6660666666667
"25-8",25,8,22046.0673
"25-9",25,9,41.7644
"26-1",26,1,12576.4697
"26-10",26,10,35.1004333333333
"26-11",26,11,4.4967
"26-12",26,12,47.7745
"26-13",26,13,33.0081
"26-14",26,14,22.5714666666667
"26-15",26,15,35.8594666666667
"26-16",26,16,22.5317666666667
"26-17",26,17,30.9256666666667
"26-18",26,18,14.9894666666667
"26-19",26,19,123.829766666667
"26-2",26,2,20.4184666666667
"26-20",26,20,642.872333333333
"26-21",26,21,2.74536666666667
"26-22",26,22,117.988333333333
"26-23",26,23,34.1384333333333
"26-24",26,24,184.5517
"26-25",26,25,115.1538
"26-26",26,26,678083.698833333
"26-27",26,27,23.6100333333333
"26-28",26,28,753.333433333333
"26-29",26,29,14.1369
"26-3",26,3,74.0082333333333
"26-30",26,30,59.1918666666667
"26-31",26,31,28716.0554666667
"26-32",26,32,17.7796333333333
"26-33",26,33,84.8297333333333
"26-34",26,34,64.3623333333333
"26-35",26,35,0.4391
"26-36",26,36,27.3946666666667
"26-37",26,37,56.8509
"26-38",26,38,1.5137
"26-39",26,39,382.207333333333
"26-4",26,4,9.39303333333333
"26-40",26,40,30.6922333333333
"26-41",26,41,30.1347666666667
"26-42",26,42,676.2018
"26-43",26,43,57.6877
"26-44",26,44,101.2381
"26-45",26,45,82.4832
"26-46",26,46,196.579133333333
"26-47",26,47,144.265333333333
"26-48",26,48,1384.76426666667
"26-49",26,49,42.5653666666667
"26-5",26,5,12.227
"26-50",26,50,1722.87366666667
"26-6",26,6,21.965
"26-7",26,7,0.9944
"26-8",26,8,316.8166
"26-9",26,9,2666.0928
"27-1",27,1,15.0398333333333
"27-10",27,10,19.1377333333333
"27-11",27,11,5.0001
"27-12",27,12,2.5062
"27-13",27,13,8.43543333333333
"27-14",27,14,8.0972
"27-15",27,15,21128.5114
"27-16",27,16,23.2352
"27-17",27,17,3.94236666666667
"27-18",27,18,3.46156666666667
"27-19",27,19,19.115
"27-2",27,2,16.8047666666667
"27-20",27,20,28.0565
"27-21",27,21,1.77726666666667
"27-22",27,22,10.3851666666667
"27-23",27,23,3.94886666666667
"27-24",27,24,1434.30786666667
"27-25",27,25,6.75786666666667
"27-26",27,26,17.9817666666667
"27-27",27,27,760366.607533333
"27-28",27,28,359.495466666667
"27-29",27,29,3.96063333333333
"27-3",27,3,10.6034
"27-30",27,30,10.3476
"27-31",27,31,27.7084
"27-32",27,32,9164.4933
"27-33",27,33,9535.87866666667
"27-34",27,34,33.7198666666667
"27-35",27,35,2.49386666666667
"27-36",27,36,4779.34473333333
"27-37",27,37,33.0653333333333
"27-38",27,38,1.8144
"27-39",27,39,118.7699
"27-4",27,4,1.4852
"27-40",27,40,19.7447333333333
"27-41",27,41,11.8533
"27-42",27,42,6.7462
"27-43",27,43,1.38986666666667
"27-44",27,44,4.17203333333333
"27-45",27,45,55.3363333333333
"27-46",27,46,21.2794666666667
"27-47",27,47,151.878966666667
"27-48",27,48,54.7263333333333
"27-49",27,49,137.1421
"27-5",27,5,23.1630666666667
"27-50",27,50,30.3906666666667
"27-51",27,51,0.2525
"27-52",27,52,0.488266666666667
"27-6",27,6,19.3036333333333
"27-7",27,7,5.14906666666667
"27-8",27,8,39.4159666666667
"27-9",27,9,66.3013333333333
"28-1",28,1,628.966733333333
"28-10",28,10,2673.6709
"28-11",28,11,1018.052
"28-12",28,12,504.703566666667
"28-13",28,13,8218.54426666667
"28-14",28,14,1078.39793333333
"28-15",28,15,1154.99026666667
"28-16",28,16,6157.7604
"28-17",28,17,294.369133333333
"28-18",28,18,1134.80046666667
"28-19",28,19,72624.0841
"28-2",28,2,1938.8575
"28-20",28,20,734.4952
"28-21",28,21,321.713766666667
"28-22",28,22,355.919333333333
"28-23",28,23,1890.16163333333
"28-24",28,24,1376.74626666667
"28-25",28,25,368.262966666667
"28-26",28,26,589.453266666667
"28-27",28,27,318.136
"28-28",28,28,15299861.5153667
"28-29",28,29,1866.00936666667
"28-3",28,3,2519.35103333333
"28-30",28,30,2350.3815
"28-31",28,31,1159.71726666667
"28-32",28,32,423.808933333333
"28-33",28,33,1318.10156666667
"28-34",28,34,615.993566666667
"28-35",28,35,993.817633333333
"28-36",28,36,851.992933333333
"28-37",28,37,1869.792
"28-38",28,38,726.8931
"28-39",28,39,1125.5769
"28-4",28,4,674.684633333333
"28-40",28,40,8754.0785
"28-41",28,41,2104.72093333333
"28-42",28,42,875.117866666667
"28-43",28,43,420.697733333333
"28-44",28,44,183.978266666667
"28-45",28,45,133888.131566667
"28-46",28,46,4298.55586666667
"28-47",28,47,3360.10856666667
"28-48",28,48,1228.97713333333
"28-49",28,49,1562.69206666667
"28-5",28,5,12207.7354333333
"28-50",28,50,2818.1108
"28-51",28,51,13.1769333333333
"28-52",28,52,57.0298333333333
"28-6",28,6,1881.35253333333
"28-7",28,7,1002.99843333333
"28-8",28,8,3936.63496666667
"28-9",28,9,2188.08026666667
"29-1",29,1,15.9953333333333
"29-10",29,10,52.0246
"29-11",29,11,18754.7317
"29-12",29,12,38.1394
"29-13",29,13,285.381866666667
"29-14",29,14,9409.5027
"29-15",29,15,12.8390333333333
"29-16",29,16,32.3603666666667
"29-17",29,17,26.3464333333333
"29-18",29,18,12526.3879333333
"29-19",29,19,44.0553333333333
"29-2",29,2,53.957
"29-20",29,20,15.0750333333333
"29-21",29,21,377.9333
"29-22",29,22,6.37173333333333
"29-23",29,23,1901.28866666667
"29-24",29,24,14.2410666666667
"29-25",29,25,13.0709666666667
"29-26",29,26,10.4492666666667
"29-27",29,27,3.479
"29-28",29,28,1907.9613
"29-29",29,29,4127656.6225
"29-3",29,3,218.253166666667
"29-30",29,30,493.377033333333
"29-31",29,31,40.4847
"29-32",29,32,4.1013
"29-33",29,33,17.6416
"29-34",29,34,6.91576666666667
"29-35",29,35,76.4878666666667
"29-36",29,36,11.6516666666667
"29-37",29,37,32.3409333333333
"29-38",29,38,56.0132333333333
"29-39",29,39,12.2248
"29-4",29,4,1906.10826666667
"29-40",29,40,15.2717
"29-41",29,41,9875.46916666667
"29-42",29,42,9.04423333333333
"29-43",29,43,30.5250666666667
"29-44",29,44,3.54666666666667
"29-45",29,45,152.486066666667
"29-46",29,46,238.947266666667
"29-47",29,47,31.3408
"29-48",29,48,51.3068
"29-49",29,49,11.0368333333333
"29-5",29,5,12.9979
"29-50",29,50,53.3065333333333
"29-51",29,51,112.852533333333
"29-52",29,52,280.3116
"29-6",29,6,189.254266666667
"29-7",29,7,87.6433333333333
"29-8",29,8,329.454
"29-9",29,9,32.6239666666667
"3-1",3,1,35.2388
"3-10",3,10,35.2479666666667
"3-11",3,11,81.713
"3-12",3,12,1791.84803333333
"3-13",3,13,338.9631
"3-14",3,14,92.8520666666667
"3-15",3,15,31.2780333333333
"3-16",3,16,382.330133333333
"3-17",3,17,269.963133333333
"3-18",3,18,538.3289
"3-19",3,19,110.802
"3-2",3,2,6285.6502
"3-20",3,20,38.0643666666667
"3-21",3,21,38.0037333333333
"3-22",3,22,29.9131333333333
"3-23",3,23,181.936933333333
"3-24",3,24,42.8083666666667
"3-25",3,25,55.9400333333333
"3-26",3,26,69.9874333333334
"3-27",3,27,8.7924
"3-28",3,28,2563.57186666667
"3-29",3,29,244.125833333333
"3-3",3,3,4205772.2235
"3-30",3,30,63916.6606333333
"3-31",3,31,208.445133333333
"3-32",3,32,10.7090666666667
"3-33",3,33,34.4545666666667
"3-34",3,34,14.8306333333333
"3-35",3,35,19.7485
"3-36",3,36,27.0505333333333
"3-37",3,37,34.8150666666667
"3-38",3,38,39.5583666666667
"3-39",3,39,23.9694666666667
"3-4",3,4,1011.40733333333
"3-40",3,40,48.2505
"3-41",3,41,216.7455
"3-42",3,42,9.9733
"3-43",3,43,369.135666666667
"3-44",3,44,150.859066666667
"3-45",3,45,297.751266666667
"3-46",3,46,53235.4116666667
"3-47",3,47,83.4540666666667
"3-48",3,48,47.9895333333333
"3-49",3,49,36.4359333333333
"3-5",3,5,24.0409666666667
"3-50",3,50,248.751933333333
"3-51",3,51,1.27253333333333
"3-52",3,52,1.1206
"3-6",3,6,45.7579
"3-7",3,7,361.0125
"3-8",3,8,933.382666666667
"3-9",3,9,47.2066333333333
"30-1",30,1,39.7316
"30-10",30,10,43.4769666666667
"30-11",30,11,212.7341
"30-12",30,12,685.402966666667
"30-13",30,13,363.068633333333
"30-14",30,14,160.959
"30-15",30,15,29.7234
"30-16",30,16,516.891833333333
"30-17",30,17,405.4979
"30-18",30,18,1973.79063333333
"30-19",30,19,111.483166666667
"30-2",30,2,8903.71793333333
"30-20",30,20,25.0587
"30-21",30,21,98.3179
"30-22",30,22,29.3591666666667
"30-23",30,23,391.939833333333
"30-24",30,24,42.0078666666667
"30-25",30,25,61.5869333333333
"30-26",30,26,83.0565
"30-27",30,27,7.7427
"30-28",30,28,2335.464
"30-29",30,29,559.955633333333
"30-3",30,3,63225.33
"30-30",30,30,3576732.97563333
"30-31",30,31,512.967533333333
"30-32",30,32,11.0003666666667
"30-33",30,33,33.5442
"30-34",30,34,13.3538333333333
"30-35",30,35,17.2043
"30-36",30,36,15.8867666666667
"30-37",30,37,37.9940666666667
"30-38",30,38,10.8319
"30-39",30,39,41.0038666666667
"30-4",30,4,16583.5201
"30-40",30,40,59.1216333333333
"30-41",30,41,391.648033333333
"30-42",30,42,9.59086666666667
"30-43",30,43,327.989166666667
"30-44",30,44,224.1022
"30-45",30,45,449.444366666667
"30-46",30,46,4781.21923333333
"30-47",30,47,84.7042333333334
"30-48",30,48,40.5608333333333
"30-49",30,49,58.6815
"30-5",30,5,20.5281666666667
"30-50",30,50,353.948
"30-51",30,51,1.48213333333333
"30-52",30,52,4.89283333333333
"30-6",30,6,89.7947666666667
"30-7",30,7,14.3724666666667
"30-8",30,8,770.596266666667
"30-9",30,9,63.6644666666667
"31-1",31,1,4604.0243
"31-10",31,10,35.5394666666667
"31-11",31,11,34.2530666666667
"31-12",31,12,141.142566666667
"31-13",31,13,63.9990666666667
"31-14",31,14,37.6683666666667
"31-15",31,15,40.5973333333333
"31-16",31,16,40.4707666666667
"31-17",31,17,44.6016
"31-18",31,18,32.9841333333333
"31-19",31,19,383.656166666667
"31-2",31,2,47.4535666666667
"31-20",31,20,9482.4938
"31-21",31,21,8.56443333333333
"31-22",31,22,573.386666666667
"31-23",31,23,60.5877
"31-24",31,24,159.460633333333
"31-25",31,25,215.574066666667
"31-26",31,26,29009.6039
"31-27",31,27,17.3347333333333
"31-28",31,28,1379.09103333333
"31-29",31,29,31.3457666666667
"31-3",31,3,159.919266666667
"31-30",31,30,183.556933333333
"31-31",31,31,1361407.85173333
"31-32",31,32,30.2531333333333
"31-33",31,33,129.837933333333
"31-34",31,34,81.9201
"31-35",31,35,7.53343333333333
"31-36",31,36,36.4701
"31-37",31,37,56.5293
"31-38",31,38,5.0402
"31-39",31,39,337.6568
"31-4",31,4,18.5777
"31-40",31,40,27.1708666666667
"31-41",31,41,54.3507333333333
"31-42",31,42,717.3346
"31-43",31,43,123.590266666667
"31-44",31,44,218.5432
"31-45",31,45,154.203166666667
"31-46",31,46,410.0641
"31-47",31,47,160.924133333333
"31-48",31,48,1928.86426666667
"31-49",31,49,45.5275
"31-5",31,5,13.2724
"31-50",31,50,12135.3366333333
"31-52",31,52,0.302833333333333
"31-6",31,6,25.0931333333333
"31-7",31,7,7.9361
"31-8",31,8,594.4908
"31-9",31,9,604.078866666667
"32-1",32,1,40.8118333333333
"32-10",32,10,23.9946333333333
"32-11",32,11,6.7029
"32-12",32,12,3.37896666666667
"32-13",32,13,15.0108333333333
"32-14",32,14,3.62733333333333
"32-15",32,15,4250.5041
"32-16",32,16,20.8694
"32-17",32,17,4.3055
"32-18",32,18,1.77886666666667
"32-19",32,19,17.9742333333333
"32-2",32,2,10.4596333333333
"32-20",32,20,44.9449333333333
"32-21",32,21,1.6484
"32-22",32,22,4.17043333333333
"32-23",32,23,13.2276
"32-24",32,24,3235.39206666667
"32-25",32,25,9.80743333333333
"32-26",32,26,17.6913
"32-27",32,27,9225.84446666667
"32-28",32,28,497.32
"32-29",32,29,4.95783333333333
"32-3",32,3,8.28306666666667
"32-30",32,30,9.5305
"32-31",32,31,32.0359333333333
"32-32",32,32,753399.579933333
"32-33",32,33,135.749133333333
"32-34",32,34,38.1002
"32-35",32,35,2.24366666666667
"32-36",32,36,17157.7535333333
"32-37",32,37,71.1973666666667
"32-38",32,38,1.7212
"32-39",32,39,36.5139333333333
"32-4",32,4,3.93173333333333
"32-40",32,40,20.7042
"32-41",32,41,18.1172
"32-42",32,42,20.6803
"32-43",32,43,2.30586666666667
"32-44",32,44,2.0843
"32-45",32,45,37.2750666666667
"32-46",32,46,18.6509333333333
"32-47",32,47,167.863533333333
"32-48",32,48,41.004
"32-49",32,49,1064.76103333333
"32-5",32,5,25.4056666666667
"32-50",32,50,45.1108
"32-6",32,6,23.1312333333333
"32-7",32,7,1.86466666666667
"32-8",32,8,50.7044
"32-9",32,9,71.5474333333333
"33-1",33,1,154.9392
"33-10",33,10,55.8466333333333
"33-11",33,11,16.0183666666667
"33-12",33,12,13.6514666666667
"33-13",33,13,26.3543666666667
"33-14",33,14,19.1084333333333
"33-15",33,15,1069.9902
"33-16",33,16,30.3143666666667
"33-17",33,17,15.7642
"33-18",33,18,12.9220333333333
"33-19",33,19,27.9706
"33-2",33,2,35.5154
"33-20",33,20,239.227933333333
"33-21",33,21,14.1158
"33-22",33,22,36.4398333333333
"33-23",33,23,16.3948666666667
"33-24",33,24,4057.6308
"33-25",33,25,16.5318
"33-26",33,26,74.9059
"33-27",33,27,9494.32263333334
"33-28",33,28,1423.27036666667
"33-29",33,29,21.0578
"33-3",33,3,30.4714666666667
"33-30",33,30,37.1735333333333
"33-31",33,31,153.035033333333
"33-32",33,32,155.716966666667
"33-33",33,33,2551642.32126667
"33-34",33,34,185.299633333333
"33-35",33,35,15.2169
"33-36",33,36,394.6642
"33-37",33,37,145.9002
"33-38",33,38,13.2097666666667
"33-39",33,39,4879.70876666667
"33-4",33,4,8.10473333333333
"33-40",33,40,45.207
"33-41",33,41,50.3483
"33-42",33,42,13.9502666666667
"33-43",33,43,17.6246666666667
"33-44",33,44,8.4029
"33-45",33,45,78.945
"33-46",33,46,83.3596333333333
"33-47",33,47,370.644866666667
"33-48",33,48,693.637233333333
"33-49",33,49,320.8846
"33-5",33,5,51.5908666666667
"33-50",33,50,107.428866666667
"33-52",33,52,2.08973333333333
"33-6",33,6,46.1786666666667
"33-7",33,7,17.0684333333333
"33-8",33,8,114.9692
"33-9",33,9,255.814733333333
"34-1",34,1,149.3782
"34-10",34,10,46.6885666666667
"34-11",34,11,5.95853333333333
"34-12",34,12,4.0834
"34-13",34,13,22.3172333333333
"34-14",34,14,4.85826666666667
"34-15",34,15,43.0721
"34-16",34,16,14.0312333333333
"34-17",34,17,7.5493
"34-18",34,18,4.77556666666667
"34-19",34,19,32.9621
"34-2",34,2,23.3206666666667
"34-20",34,20,95.6618
"34-21",34,21,6.13356666666667
"34-22",34,22,12.6999
"34-23",34,23,10.5722333333333
"34-24",34,24,2543.2728
"34-25",34,25,14.7651
"34-26",34,26,64.7677
"34-27",34,27,39.1619333333333
"34-28",34,28,659.6149
"34-29",34,29,7.94586666666667
"34-3",34,3,17.7670333333333
"34-30",34,30,17.2371
"34-31",34,31,93.9634666666666
"34-32",34,32,38.4898666666667
"34-33",34,33,163.6212
"34-34",34,34,331659.274233333
"34-35",34,35,0.415833333333333
"34-36",34,36,46.793
"34-37",34,37,376.006533333333
"34-38",34,38,1.01143333333333
"34-39",34,39,2659.03486666667
"34-4",34,4,3.38913333333333
"34-40",34,40,249.034966666667
"34-41",34,41,27.7029666666667
"34-42",34,42,137.196266666667
"34-43",34,43,14.9868666666667
"34-44",34,44,13.7047333333333
"34-45",34,45,48.3917333333333
"34-46",34,46,48.5861
"34-47",34,47,12476.5891
"34-48",34,48,191.833566666667
"34-49",34,49,483.5282
"34-5",34,5,163.106166666667
"34-50",34,50,89.6374
"34-52",34,52,0.241966666666667
"34-6",34,6,21.6263
"34-8",34,8,49.9916666666667
"34-9",34,9,4645.32833333333
"35-1",35,1,8.1988
"35-10",35,10,8.82453333333333
"35-11",35,11,31.9496666666667
"35-12",35,12,8.4306
"35-13",35,13,6.34053333333333
"35-14",35,14,12.554
"35-15",35,15,50.8454
"35-16",35,16,1.52576666666667
"35-17",35,17,11.9365333333333
"35-18",35,18,34.7108333333333
"35-19",35,19,6.66816666666667
"35-2",35,2,10.2763333333333
"35-20",35,20,9.2837
"35-21",35,21,5.2751
"35-22",35,22,3.32333333333333
"35-23",35,23,8.53246666666667
"35-24",35,24,9.3011
"35-25",35,25,4.45276666666667
"35-26",35,26,1.73203333333333
"35-27",35,27,7.9062
"35-28",35,28,870.200033333333
"35-29",35,29,56.0714333333333
"35-3",35,3,26.9607666666667
"35-30",35,30,28.7576666666667
"35-31",35,31,14.1256
"35-32",35,32,9.24436666666667
"35-33",35,33,30.5972333333333
"35-34",35,34,1.43766666666667
"35-35",35,35,2989991.61693333
"35-36",35,36,44.0022333333333
"35-37",35,37,11.2281666666667
"35-38",35,38,3309.2261
"35-39",35,39,13.2996666666667
"35-4",35,4,6.39976666666667
"35-40",35,40,5.14653333333333
"35-41",35,41,84.012
"35-42",35,42,0.192266666666667
"35-43",35,43,14.0938333333333
"35-44",35,44,0.9149
"35-45",35,45,20.2981
"35-46",35,46,48.6323666666667
"35-47",35,47,11.9153
"35-48",35,48,33.9647333333333
"35-49",35,49,1.2563
"35-5",35,5,3.5056
"35-50",35,50,27.8984666666667
"35-51",35,51,0.629533333333333
"35-52",35,52,6.37843333333333
"35-6",35,6,5.84396666666667
"35-7",35,7,44.7461
"35-8",35,8,273.667566666667
"35-9",35,9,4.86883333333333
"36-1",36,1,29.2544333333333
"36-10",36,10,35.1029666666667
"36-11",36,11,17.3798333333333
"36-12",36,12,8.62606666666667
"36-13",36,13,16.1706333333333
"36-14",36,14,7.88226666666667
"36-15",36,15,70768.8294666667
"36-16",36,16,17.2938666666667
"36-17",36,17,11.8872
"36-18",36,18,6.46516666666667
"36-19",36,19,25.1272333333333
"36-2",36,2,7.47276666666667
"36-20",36,20,77.9972333333333
"36-21",36,21,5.67566666666667
"36-22",36,22,5.0419
"36-23",36,23,7.20953333333333
"36-24",36,24,439.148966666667
"36-25",36,25,13.0765333333333
"36-26",36,26,35.1164666666667
"36-27",36,27,4860.1472
"36-28",36,28,965.1515
"36-29",36,29,15.1205666666667
"36-3",36,3,21.0981333333333
"36-30",36,30,19.3709666666667
"36-31",36,31,45.5778
"36-32",36,32,17301.7605666667
"36-33",36,33,419.002233333333
"36-34",36,34,46.1842
"36-35",36,35,38.4860666666667
"36-36",36,36,2586264.72763333
"36-37",36,37,74.9255333333333
"36-38",36,38,20.9132333333333
"36-39",36,39,102.922033333333
"36-4",36,4,7.6623
"36-40",36,40,22.3641333333333
"36-41",36,41,30.2913333333333
"36-42",36,42,14.7694333333333
"36-43",36,43,9.23413333333333
"36-44",36,44,2.38613333333333
"36-45",36,45,54.2929333333333
"36-46",36,46,40.9276666666667
"36-47",36,47,176.854233333333
"36-48",36,48,75.2377
"36-49",36,49,461.0118
"36-5",36,5,29.2165666666667
"36-50",36,50,44.9275
"36-52",36,52,0.390533333333333
"36-6",36,6,21.0438666666667
"36-7",36,7,12.5455666666667
"36-8",36,8,110.999233333333
"36-9",36,9,93.6334
"37-1",37,1,80.0862
"37-10",37,10,4642.5342
"37-11",37,11,55.0038666666667
"37-12",37,12,13.9035333333333
"37-13",37,13,30.2606333333333
"37-14",37,14,28.0505
"37-15",37,15,75.9840666666667
"37-16",37,16,41.7869333333333
"37-17",37,17,9.46486666666667
"37-18",37,18,14.9579333333333
"37-19",37,19,57.9033
"37-2",37,2,35.8120333333333
"37-20",37,20,61.8625666666667
"37-21",37,21,59.6031666666667
"37-22",37,22,8.42906666666667
"37-23",37,23,13.4769666666667
"37-24",37,24,800.754233333333
"37-25",37,25,16.5718
"37-26",37,26,46.6602333333333
"37-27",37,27,37.4566666666667
"37-28",37,28,1904.36126666667
"37-29",37,29,33.8845666666667
"37-3",37,3,28.9777333333333
"37-30",37,30,42.6226333333333
"37-31",37,31,44.9911666666667
"37-32",37,32,64.1709
"37-33",37,33,152.314733333333
"37-34",37,34,384.301066666667
"37-35",37,35,1.99856666666667
"37-36",37,36,61.9763
"37-37",37,37,713471.6735
"37-38",37,38,2.5918
"37-39",37,39,108.812133333333
"37-4",37,4,9.11616666666667
"37-40",37,40,583.143633333333
"37-41",37,41,186.1275
"37-42",37,42,85.4099
"37-43",37,43,8.98036666666667
"37-44",37,44,5.4444
"37-45",37,45,213.194466666667
"37-46",37,46,70.3386666666667
"37-47",37,47,4503.38806666667
"37-48",37,48,98.3029
"37-49",37,49,6552.17216666667
"37-5",37,5,4935.7959
"37-50",37,50,59.4670666666667
"37-51",37,51,0.751633333333333
"37-52",37,52,0.2224
"37-6",37,6,443.778366666667
"37-7",37,7,0.886733333333333
"37-8",37,8,51.9654666666667
"37-9",37,9,518.3671
"38-10",38,10,5.25403333333333
"38-11",38,11,22.4540333333333
"38-12",38,12,4.86313333333333
"38-13",38,13,3.1322
"38-14",38,14,13.1513666666667
"38-15",38,15,31.4823666666667
"38-16",38,16,2.67846666666667
"38-17",38,17,7.4055
"38-18",38,18,23.2458666666667
"38-19",38,19,8.93533333333333
"38-2",38,2,6.8631
"38-20",38,20,10.5473333333333
"38-21",38,21,6.9888
"38-22",38,22,1.5941
"38-23",38,23,6.76266666666667
"38-24",38,24,4.6815
"38-25",38,25,2.48993333333333
"38-26",38,26,3.5932
"38-27",38,27,4.31166666666667
"38-28",38,28,686.5787
"38-29",38,29,38.8987666666667
"38-3",38,3,28.8228666666667
"38-30",38,30,24.4496333333333
"38-31",38,31,8.15383333333333
"38-32",38,32,5.9747
"38-33",38,33,14.9117
"38-34",38,34,3.00096666666667
"38-35",38,35,3274.43426666667
"38-36",38,36,30.4211
"38-37",38,37,7.12696666666667
"38-38",38,38,2686160.42796667
"38-39",38,39,11.3612333333333
"38-4",38,4,5.39833333333333
"38-40",38,40,4.68786666666667
"38-41",38,41,74.2351333333333
"38-42",38,42,1.06663333333333
"38-43",38,43,6.67093333333333
"38-44",38,44,0.259333333333333
"38-45",38,45,11.0060333333333
"38-46",38,46,44.8872
"38-47",38,47,7.168
"38-48",38,48,21.2789666666667
"38-49",38,49,1.18726666666667
"38-5",38,5,4.142
"38-50",38,50,25.7517
"38-51",38,51,1.0333
"38-52",38,52,2.74376666666667
"38-6",38,6,8.78683333333333
"38-7",38,7,37.0182
"38-8",38,8,167.814033333333
"38-9",38,9,7.88543333333333
"39-1",39,1,903.4665
"39-10",39,10,38.4928333333333
"39-11",39,11,7.68086666666667
"39-12",39,12,19.4681
"39-13",39,13,26.8965333333333
"39-14",39,14,11.729
"39-15",39,15,183.516933333333
"39-16",39,16,31.6923
"39-17",39,17,10.2128666666667
"39-18",39,18,8.44433333333333
"39-19",39,19,40.1569666666667
"39-2",39,2,24.1331333333333
"39-20",39,20,835.078533333333
"39-21",39,21,6.97236666666667
"39-22",39,22,37.6005333333333
"39-23",39,23,16.1375
"39-24",39,24,360.9098
"39-25",39,25,33.6129
"39-26",39,26,405.124466666667
"39-27",39,27,133.610933333333
"39-28",39,28,1210.79836666667
"39-29",39,29,12.6916666666667
"39-3",39,3,30.2839333333333
"39-30",39,30,19.8944666666667
"39-31",39,31,345.048633333333
"39-32",39,32,37.1929333333333
"39-33",39,33,5065.59383333333
"39-34",39,34,2672.24546666667
"39-35",39,35,8.59686666666667
"39-36",39,36,89.6792666666667
"39-37",39,37,124.8404
"39-38",39,38,8.7104
"39-39",39,39,1443626.244
"39-4",39,4,2.17933333333333
"39-40",39,40,75.7429666666667
"39-41",39,41,17.1680666666667
"39-42",39,42,43.3055666666667
"39-43",39,43,25.4240333333333
"39-44",39,44,26.6888333333333
"39-45",39,45,58.8387333333333
"39-46",39,46,64.7659333333333
"39-47",39,47,518.447833333333
"39-48",39,48,21773.0888
"39-49",39,49,71.5402
"39-5",39,5,35.2494666666667
"39-50",39,50,216.578366666667
"39-51",39,51,0.205533333333333
"39-6",39,6,28.0272333333333
"39-7",39,7,7.29083333333333
"39-8",39,8,145.476366666667
"39-9",39,9,4144.96186666667
"4-1",4,1,4.25236666666667
"4-10",4,10,11.7634666666667
"4-11",4,11,232.836833333333
"4-12",4,12,144.362733333333
"4-13",4,13,106.902733333333
"4-14",4,14,240.451466666667
"4-15",4,15,6.85296666666667
"4-16",4,16,46.7165333333333
"4-17",4,17,151.746166666667
"4-18",4,18,12037.0689666667
"4-19",4,19,24.1293333333333
"4-2",4,2,163.1635
"4-20",4,20,4.49973333333333
"4-21",4,21,62.0668
"4-22",4,22,5.7196
"4-23",4,23,950.016966666667
"4-24",4,24,7.8722
"4-25",4,25,17.9150666666667
"4-26",4,26,7.80243333333333
"4-27",4,27,0.8878
"4-28",4,28,768.0667
"4-29",4,29,1669.07033333333
"4-3",4,3,1000.4076
"4-30",4,30,16502.091
"4-31",4,31,61.62
"4-32",4,32,2.53016666666667
"4-33",4,33,8.22273333333333
"4-34",4,34,0.997733333333333
"4-35",4,35,4.34713333333333
"4-36",4,36,6.644
"4-37",4,37,6.7738
"4-38",4,38,1.1346
"4-39",4,39,4.456
"4-4",4,4,1640003.5762
"4-40",4,40,8.37426666666667
"4-41",4,41,473.7385
"4-42",4,42,3.7204
"4-43",4,43,190.300466666667
"4-44",4,44,36.9535333333333
"4-45",4,45,82.7265666666667
"4-46",4,46,736.2342
"4-47",4,47,23.4724333333333
"4-48",4,48,5.68843333333333
"4-49",4,49,5.3577
"4-5",4,5,6.25143333333333
"4-50",4,50,92.036
"4-51",4,51,1.55623333333333
"4-52",4,52,65.3149333333333
"4-6",4,6,25.8728666666667
"4-7",4,7,6.82563333333333
"4-8",4,8,385.615066666667
"4-9",4,9,6.7746
"40-1",40,1,46.0414333333333
"40-10",40,10,33.0380333333333
"40-11",40,11,10.2016
"40-12",40,12,15.8438
"40-13",40,13,66.8114333333333
"40-14",40,14,13.392
"40-15",40,15,34.5857666666667
"40-16",40,16,94.7387333333333
"40-17",40,17,2.65766666666667
"40-18",40,18,15.5314
"40-19",40,19,316.995566666667
"40-2",40,2,57.9143
"40-20",40,20,38.7042333333333
"40-21",40,21,3.09
"40-22",40,22,14.6917
"40-23",40,23,37.0392
"40-24",40,24,257.383966666667
"40-25",40,25,12.0304333333333
"40-26",40,26,43.7919
"40-27",40,27,17.8574333333333
"40-28",40,28,8768.0175
"40-29",40,29,18.0708
"40-3",40,3,50.1578333333333
"40-30",40,30,74.7315333333333
"40-31",40,31,39.3296
"40-32",40,32,20.2769333333333
"40-33",40,33,38.3638666666667
"40-34",40,34,253.350733333333
"40-35",40,35,3.10136666666667
"40-36",40,36,23.1387
"40-37",40,37,561.369266666667
"40-38",40,38,1.54933333333333
"40-39",40,39,79.7638666666667
"40-4",40,4,8.26213333333333
"40-40",40,40,262025.4273
"40-41",40,41,18.4601333333333
"40-42",40,42,497.5043
"40-43",40,43,8.78606666666667
"40-44",40,44,13.8879
"40-45",40,45,331.4372
"40-46",40,46,95.6697666666667
"40-47",40,47,9415.46286666667
"40-48",40,48,85.6411666666667
"40-49",40,49,214.608033333333
"40-5",40,5,3915.05553333333
"40-50",40,50,71.6979333333333
"40-6",40,6,21.3472333333333
"40-7",40,7,0.716833333333333
"40-8",40,8,48.6619333333333
"40-9",40,9,1343.75303333333
"41-1",41,1,29.1956333333333
"41-10",41,10,628.634866666667
"41-11",41,11,27363.9922666667
"41-12",41,12,93.4543666666667
"41-13",41,13,662.782166666667
"41-14",41,14,22982.2516333333
"41-15",41,15,48.7437666666667
"41-16",41,16,86.0820666666667
"41-17",41,17,36.8785
"41-18",41,18,1988.23743333333
"41-19",41,19,83.8563
"41-2",41,2,124.152233333333
"41-20",41,20,31.8481333333333
"41-21",41,21,22990.2097666667
"41-22",41,22,15.7003333333333
"41-23",41,23,1824.75813333333
"41-24",41,24,38.6903666666667
"41-25",41,25,22.2770333333333
"41-26",41,26,21.4014333333333
"41-27",41,27,10.9118333333333
"41-28",41,28,2045.97773333333
"41-29",41,29,9956.84203333333
"41-3",41,3,198.964866666667
"41-30",41,30,348.761
"41-31",41,31,41.9937
"41-32",41,32,14.6078666666667
"41-33",41,33,46.2326333333333
"41-34",41,34,27.3627666666667
"41-35",41,35,121.842
"41-36",41,36,32.9094333333333
"41-37",41,37,138.104066666667
"41-38",41,38,98.0315666666667
"41-39",41,39,18.7168666666667
"41-4",41,4,494.082633333333
"41-40",41,40,24.0155
"41-41",41,41,4489341.4907
"41-42",41,42,17.4401666666667
"41-43",41,43,70.098
"41-44",41,44,6.80723333333333
"41-45",41,45,271.644566666667
"41-46",41,46,462.0865
"41-47",41,47,86.8096666666667
"41-48",41,48,78.8117
"41-49",41,49,43.0994
"41-5",41,5,20.9430666666667
"41-50",41,50,89.6702333333333
"41-51",41,51,24.7578
"41-52",41,52,17.6952
"41-6",41,6,4076.8375
"41-7",41,7,145.678133333333
"41-8",41,8,443.374666666667
"41-9",41,9,58.8111333333333
"42-1",42,1,37.8984
"42-10",42,10,13.3599666666667
"42-11",42,11,2.7104
"42-12",42,12,39.3057
"42-13",42,13,43.6308666666667
"42-14",42,14,10.7743
"42-15",42,15,16.4871
"42-16",42,16,28.133
"42-17",42,17,19.0223666666667
"42-18",42,18,12.6143
"42-19",42,19,426.812233333333
"42-2",42,2,14.4819
"42-20",42,20,49.8635333333333
"42-21",42,21,1.35913333333333
"42-22",42,22,69.1497666666667
"42-23",42,23,18.1814666666667
"42-24",42,24,111.754466666667
"42-25",42,25,65.4379666666667
"42-26",42,26,641.837066666667
"42-27",42,27,5.1936
"42-28",42,28,1032.59403333333
"42-29",42,29,12.9623
"42-3",42,3,12.9679666666667
"42-30",42,30,10.5477
"42-31",42,31,671.782466666667
"42-32",42,32,6.3758
"42-33",42,33,16.9529666666667
"42-34",42,34,127.0998
"42-35",42,35,1.10923333333333
"42-36",42,36,10.8168333333333
"42-37",42,37,92.1309666666667
"42-38",42,38,0.197766666666667
"42-39",42,39,36.3683666666667
"42-4",42,4,3.65246666666667
"42-40",42,40,490.565533333333
"42-41",42,41,15.1626
"42-42",42,42,165650.795266667
"42-43",42,43,26.4516666666667
"42-44",42,44,49.9863666666667
"42-45",42,45,104.785766666667
"42-46",42,46,69.9202666666667
"42-47",42,47,539.550866666667
"42-48",42,48,58.713
"42-49",42,49,74.4718666666667
"42-5",42,5,49.2583333333333
"42-50",42,50,2223.0526
"42-6",42,6,12.3348666666667
"42-7",42,7,0.533666666666667
"42-8",42,8,186.484366666667
"42-9",42,9,2529.56273333333
"43-1",43,1,45.4956
"43-10",43,10,4.90563333333333
"43-11",43,11,15.9768333333333
"43-12",43,12,10139.3617
"43-13",43,13,94.7558333333333
"43-14",43,14,43.1089666666667
"43-15",43,15,6.94763333333333
"43-16",43,16,105.220266666667
"43-17",43,17,1590.1483
"43-18",43,18,45.5366333333333
"43-19",43,19,77.9848666666667
"43-2",43,2,136.987666666667
"43-20",43,20,32.2909333333333
"43-21",43,21,12.7126
"43-22",43,22,678.4483
"43-23",43,23,74.5843333333333
"43-24",43,24,35.188
"43-25",43,25,9109.67573333333
"43-26",43,26,92.5621666666667
"43-27",43,27,2.9469
"43-28",43,28,530.792066666667
"43-29",43,29,30.309
"43-3",43,3,373.771066666667
"43-30",43,30,288.111933333333
"43-31",43,31,168.583633333333
"43-32",43,32,3.53176666666667
"43-33",43,33,13.6469666666667
"43-34",43,34,13.4493666666667
"43-35",43,35,5.46886666666667
"43-36",43,36,4.3285
"43-37",43,37,9.8506
"43-38",43,38,4.62946666666667
"43-39",43,39,23.0714
"43-4",43,4,80.2515333333333
"43-40",43,40,10.7172
"43-41",43,41,58.6759333333333
"43-42",43,42,34.9001666666667
"43-43",43,43,1695538.82413333
"43-44",43,44,1443.89166666667
"43-45",43,45,59.0368666666667
"43-46",43,46,2069.2808
"43-47",43,47,23.7266
"43-48",43,48,57.5863
"43-49",43,49,18.6121666666667
"43-5",43,5,4.78676666666667
"43-50",43,50,1607.803
"43-6",43,6,13.4547666666667
"43-7",43,7,21.8006333333333
"43-8",43,8,69839.7116
"43-9",43,9,50.6873666666667
"44-1",44,1,31.6024333333333
"44-10",44,10,8.22743333333333
"44-11",44,11,1.59176666666667
"44-12",44,12,2807.4614
"44-13",44,13,28.9568333333333
"44-14",44,14,10.5121
"44-15",44,15,6.7729
"44-16",44,16,161.124333333333
"44-17",44,17,47.9285
"44-18",44,18,8.73513333333333
"44-19",44,19,307.035833333333
"44-2",44,2,45.5392
"44-20",44,20,23.2494333333333
"44-21",44,21,0.769566666666667
"44-22",44,22,499.904933333333
"44-23",44,23,11.3114666666667
"44-24",44,24,11.5121
"44-25",44,25,164.329966666667
"44-26",44,26,91.7576
"44-27",44,27,3.42316666666667
"44-28",44,28,169.444433333333
"44-29",44,29,2.6137
"44-3",44,3,180.664
"44-30",44,30,110.8674
"44-31",44,31,250.3739
"44-32",44,32,2.53416666666667
"44-33",44,33,5.19923333333333
"44-34",44,34,6.26156666666667
"44-35",44,35,0.321166666666667
"44-36",44,36,2.15203333333333
"44-37",44,37,7.19213333333333
"44-38",44,38,0.803033333333333
"44-39",44,39,12.5328666666667
"44-4",44,4,18.9100666666667
"44-40",44,40,4.48633333333333
"44-41",44,41,14.0168333333333
"44-42",44,42,45.5032333333333
"44-43",44,43,1413.17166666667
"44-44",44,44,199338.3823
"44-45",44,45,32.4479
"44-46",44,46,2165.9529
"44-47",44,47,18.6093666666667
"44-48",44,48,31.6573333333333
"44-49",44,49,3.85366666666667
"44-5",44,5,3.36213333333333
"44-50",44,50,10479.5081
"44-6",44,6,6.5717
"44-7",44,7,3.8443
"44-8",44,8,298.978233333333
"44-9",44,9,47.3007
"45-1",45,1,50.7376
"45-10",45,10,3892.41673333333
"45-11",45,11,116.2737
"45-12",45,12,59.5459333333333
"45-13",45,13,15231.9570333333
"45-14",45,14,291.1189
"45-15",45,15,41.0543333333333
"45-16",45,16,5638.6065
"45-17",45,17,28.1836333333333
"45-18",45,18,191.715866666667
"45-19",45,19,1736.8986
"45-2",45,2,1468.78853333333
"45-20",45,20,43.6476666666667
"45-21",45,21,55.3324333333333
"45-22",45,22,46.2878333333333
"45-23",45,23,470.962366666667
"45-24",45,24,93.0850666666667
"45-25",45,25,45.4759666666667
"45-26",45,26,64.6658666666667
"45-27",45,27,24.2637666666667
"45-28",45,28,134245.714566667
"45-29",45,29,178.428766666667
"45-3",45,3,346.4422
"45-30",45,30,418.234766666667
"45-31",45,31,128.4473
"45-32",45,32,33.3522333333333
"45-33",45,33,73.0733
"45-34",45,34,41.0365
"45-35",45,35,20.6881333333333
"45-36",45,36,44.7270333333333
"45-37",45,37,223.2445
"45-38",45,38,12.7363333333333
"45-39",45,39,52.0877333333333
"45-4",45,4,95.0121
"45-40",45,40,319.972033333333
"45-41",45,41,364.6048
"45-42",45,42,82.2418
"45-43",45,43,38.2701666666667
"45-44",45,44,43.4582666666667
"45-45",45,45,1229653.0906
"45-46",45,46,794.327533333333
"45-47",45,47,256.765666666667
"45-48",45,48,81.456
"45-49",45,49,155.690533333333
"45-5",45,5,4497.15396666667
"45-50",45,50,328.961533333333
"45-51",45,51,1.6865
"45-52",45,52,0.241966666666667
"45-6",45,6,716.789066666667
"45-7",45,7,4.8974
"45-8",45,8,258.614233333333
"45-9",45,9,189.2161
"46-1",46,1,178.063233333333
"46-10",46,10,55.178
"46-11",46,11,121.840466666667
"46-12",46,12,47987.0286
"46-13",46,13,923.5132
"46-14",46,14,223.3537
"46-15",46,15,56.0622
"46-16",46,16,4657.96236666667
"46-17",46,17,453.0485
"46-18",46,18,398.7038
"46-19",46,19,294.517566666667
"46-2",46,2,5675.0755
"46-20",46,20,90.0893333333333
"46-21",46,21,141.236533333333
"46-22",46,22,134.900466666667
"46-23",46,23,439.879766666667
"46-24",46,24,121.290866666667
"46-25",46,25,271.528766666667
"46-26",46,26,194.294233333333
"46-27",46,27,13.7091333333333
"46-28",46,28,4258.6567
"46-29",46,29,285.9138
"46-3",46,3,53653.4358333333
"46-30",46,30,5218.8922
"46-31",46,31,464.0121
"46-32",46,32,20.0784
"46-33",46,33,88.8188666666667
"46-34",46,34,34.0119
"46-35",46,35,52.0884666666667
"46-36",46,36,38.2504666666667
"46-37",46,37,61.5301666666667
"46-38",46,38,30.4637333333333
"46-39",46,39,73.2831666666667
"46-4",46,4,686.550433333333
"46-40",46,40,91.3939666666667
"46-41",46,41,515.495933333333
"46-42",46,42,65.558
"46-43",46,43,1807.69086666667
"46-44",46,44,1973.36336666667
"46-45",46,45,788.820866666667
"46-46",46,46,5744679.49293333
"46-47",46,47,217.051466666667
"46-48",46,48,148.741633333333
"46-49",46,49,99.6328666666667
"46-5",46,5,59.6307
"46-50",46,50,1448.02816666667
"46-51",46,51,1.06643333333333
"46-52",46,52,1.9275
"46-6",46,6,132.3202
"46-7",46,7,1379.05323333333
"46-8",46,8,2881.4594
"46-9",46,9,149.820266666667
"47-1",47,1,243.4814
"47-10",47,10,204.866566666667
"47-11",47,11,43.0766
"47-12",47,12,23.2370666666667
"47-13",47,13,87.7615333333333
"47-14",47,14,26.2153
"47-15",47,15,148.824666666667
"47-16",47,16,98.0584333333334
"47-17",47,17,16.6009333333333
"47-18",47,18,30.4666
"47-19",47,19,127.872766666667
"47-2",47,2,63.9401333333333
"47-20",47,20,142.9193
"47-21",47,21,31.0751
"47-22",47,22,23.3137333333333
"47-23",47,23,39.4843333333333
"47-24",47,24,4352.9546
"47-25",47,25,32.3662333333333
"47-26",47,26,146.031333333333
"47-27",47,27,134.4399
"47-28",47,28,3420.65656666667
"47-29",47,29,43.5943333333333
"47-3",47,3,80.5924333333333
"47-30",47,30,82.6509
"47-31",47,31,170.1759
"47-32",47,32,169.250866666667
"47-33",47,33,376.216933333333
"47-34",47,34,12534.2165
"47-35",47,35,0.2198
"47-36",47,36,190.029266666667
"47-37",47,37,4476.7584
"47-38",47,38,1.35633333333333
"47-39",47,39,494.669333333333
"47-4",47,4,17.2200333333333
"47-40",47,40,9425.50186666667
"47-41",47,41,82.3513666666667
"47-42",47,42,522.532333333333
"47-43",47,43,15.0839666666667
"47-44",47,44,16.7869
"47-45",47,45,256.401733333333
"47-46",47,46,172.2906
"47-47",47,47,1212032.68293333
"47-48",47,48,254.172666666667
"47-49",47,49,8048.42986666667
"47-5",47,5,3675.10383333333
"47-50",47,50,194.863833333333
"47-6",47,6,100.705066666667
"47-7",47,7,3.286
"47-8",47,8,147.428166666667
"47-9",47,9,4730.97516666667
"48-1",48,1,25477.0147
"48-10",48,10,43.5078333333333
"48-11",48,11,19.0238333333333
"48-12",48,12,38.4091
"48-13",48,13,33.2864
"48-14",48,14,10.0597
"48-15",48,15,127.1579
"48-16",48,16,21.9965333333333
"48-17",48,17,15.6994666666667
"48-18",48,18,13.4555
"48-19",48,19,47.8626333333333
"48-2",48,2,28.4612
"48-20",48,20,28502.5387
"48-21",48,21,10.9984333333333
"48-22",48,22,82.2701
"48-23",48,23,28.6807666666667
"48-24",48,24,161.577366666667
"48-25",48,25,56.0972333333333
"48-26",48,26,1356.9145
"48-27",48,27,47.1304666666667
"48-28",48,28,1244.81363333333
"48-29",48,29,47.5574
"48-3",48,3,48.2074666666667
"48-30",48,30,35.5996333333333
"48-31",48,31,1845.6011
"48-32",48,32,39.3180666666667
"48-33",48,33,565.116733333334
"48-34",48,34,183.043433333333
"48-35",48,35,35.6301
"48-36",48,36,74.4674
"48-37",48,37,90.2588
"48-38",48,38,16.2369333333333
"48-39",48,39,21960.2797333333
"48-4",48,4,3.9233
"48-40",48,40,94.7391333333333
"48-41",48,41,75.9595
"48-42",48,42,68.2535666666667
"48-43",48,43,37.0634666666667
"48-44",48,44,70.8024333333333
"48-45",48,45,84.4676333333333
"48-46",48,46,143.924433333333
"48-47",48,47,266.223866666667
"48-48",48,48,2636201.62653333
"48-49",48,49,60.5758333333333
"48-5",48,5,20.9073
"48-50",48,50,659.045933333333
"48-52",48,52,1.78696666666667
"48-6",48,6,24.3411333333333
"48-7",48,7,29.9874
"48-8",48,8,368.121166666667
"48-9",48,9,5029.39496666667
"49-1",49,1,64.2621666666666
"49-10",49,10,136.0511
"49-11",49,11,19.1855333333333
"49-12",49,12,6.24143333333333
"49-13",49,13,27.4181666666667
"49-14",49,14,16.3900666666667
"49-15",49,15,519.618433333333
"49-16",49,16,36.0059666666667
"49-17",49,17,1.85956666666667
"49-18",49,18,9.8971
"49-19",49,19,47.3789
"49-2",49,2,32.7136333333333
"49-20",49,20,52.9111
"49-21",49,21,8.60993333333333
"49-22",49,22,12.1907666666667
"49-23",49,23,20.7928
"49-24",49,24,6314.84326666667
"49-25",49,25,15.3751333333333
"49-26",49,26,29.8945333333333
"49-27",49,27,204.432033333333
"49-28",49,28,1231.85186666667
"49-29",49,29,13.7316333333333
"49-3",49,3,27.4509
"49-30",49,30,35.0277666666667
"49-31",49,31,36.6617666666667
"49-32",49,32,1214.42793333333
"49-33",49,33,482.812733333333
"49-34",49,34,478.621533333333
"49-35",49,35,0.624
"49-36",49,36,557.925433333333
"49-37",49,37,6564.2193
"49-38",49,38,0.621166666666667
"49-39",49,39,58.3609666666667
"49-4",49,4,5.45863333333333
"49-40",49,40,220.637733333333
"49-41",49,41,51.3794333333333
"49-42",49,42,64.1671
"49-43",49,43,12.6025
"49-44",49,44,4.95823333333333
"49-45",49,45,124.3083
"49-46",49,46,71.1242333333333
"49-47",49,47,8119.66136666667
"49-48",49,48,57.9407
"49-49",49,49,330985.797566667
"49-5",49,5,233.158833333333
"49-50",49,50,80.8370666666667
"49-51",49,51,0.507866666666667
"49-6",49,6,80.1768666666667
"49-7",49,7,0.269766666666667
"49-8",49,8,59.2623333333333
"49-9",49,9,372.8082
"5-1",5,1,10.1354333333333
"5-10",5,10,1560.89606666667
"5-11",5,11,4.62713333333333
"5-12",5,12,5.65806666666667
"5-13",5,13,50.7165666666667
"5-14",5,14,7.7497
"5-15",5,15,21.1472333333333
"5-16",5,16,35.2930333333333
"5-17",5,17,2.0034
"5-18",5,18,11.1907
"5-19",5,19,62.9425666666667
"5-2",5,2,47.3366333333333
"5-20",5,20,7.23476666666667
"5-21",5,21,4.44503333333333
"5-22",5,22,3.16446666666667
"5-23",5,23,22.2589666666667
"5-24",5,24,185.700733333333
"5-25",5,25,3.2337
"5-26",5,26,8.3309
"5-27",5,27,15.4931666666667
"5-28",5,28,12361.8853666667
"5-29",5,29,9.26986666666667
"5-3",5,3,24.2737333333333
"5-30",5,30,27.3392666666667
"5-31",5,31,12.4499
"5-32",5,32,20.9684666666667
"5-33",5,33,48.6197666666667
"5-34",5,34,152.871966666667
"5-35",5,35,10.7552
"5-36",5,36,27.2660333333333
"5-37",5,37,5019.87
"5-38",5,38,12.1404
"5-39",5,39,29.3279333333333
"5-4",5,4,3.6774
"5-40",5,40,3919.02113333333
"5-41",5,41,18.1639666666667
"5-42",5,42,47.3237
"5-43",5,43,1.34896666666667
"5-44",5,44,2.11566666666667
"5-45",5,45,4465.88413333333
"5-46",5,46,62.2812
"5-47",5,47,3677.07246666667
"5-48",5,48,18.5454333333333
"5-49",5,49,249.1139
"5-5",5,5,255132.6998
"5-50",5,50,18.5914333333333
"5-51",5,51,0.4474
"5-52",5,52,0.451833333333333
"5-6",5,6,58.9802666666667
"5-7",5,7,0.411333333333333
"5-8",5,8,16.8346666666667
"5-9",5,9,167.411533333333
"50-1",50,1,516.473866666667
"50-10",50,10,55.0368333333333
"50-11",50,11,36.0041
"50-12",50,12,469.516733333333
"50-13",50,13,126.592166666667
"50-14",50,14,75.0093
"50-15",50,15,69.6850666666667
"50-16",50,16,93.4151666666667
"50-17",50,17,268.053833333333
"50-18",50,18,70.6582666666667
"50-19",50,19,885.7821
"50-2",50,2,79.0385666666667
"50-20",50,20,484.434
"50-21",50,21,11.9238
"50-22",50,22,18525.8433666667
"50-23",50,23,115.3081
"50-24",50,24,175.4216
"50-25",50,25,1990.6693
"50-26",50,26,1730.47276666667
"50-27",50,27,31.0741333333333
"50-28",50,28,3530.68346666667
"50-29",50,29,61.1634666666667
"50-3",50,3,273.4621
"50-30",50,30,216.683133333333
"50-31",50,31,12103.1156333333
"50-32",50,32,45.7759333333333
"50-33",50,33,95.7898333333333
"50-34",50,34,94.9911333333333
"50-35",50,35,12.0871333333333
"50-36",50,36,40.0997
"50-37",50,37,49.6416333333333
"50-38",50,38,9.64356666666667
"50-39",50,39,212.1625
"50-4",50,4,36.3678666666667
"50-40",50,40,62.7233
"50-41",50,41,93.4710666666667
"50-42",50,42,2224.84203333333
"50-43",50,43,1425.20413333333
"50-44",50,44,10415.7292
"50-45",50,45,372.551966666667
"50-46",50,46,1450.01073333333
"50-47",50,47,218.977066666667
"50-48",50,48,596.409033333333
"50-49",50,49,92.5093333333333
"50-5",50,5,22.9828333333333
"50-50",50,50,2220752.46373333
"50-51",50,51,0.594833333333333
"50-6",50,6,51.3182333333333
"50-7",50,7,10.596
"50-8",50,8,3230.14843333333
"50-9",50,9,419.076866666667
"51-10",51,10,5.4631
"51-11",51,11,2102.37043333333
"51-13",51,13,2.07236666666667
"51-14",51,14,13.8198
"51-18",51,18,28.1405
"51-2",51,2,0.294333333333333
"51-21",51,21,19.4706
"51-23",51,23,9.95043333333333
"51-27",51,27,0.6774
"51-28",51,28,11.994
"51-29",51,29,233.097133333333
"51-3",51,3,1.49313333333333
"51-30",51,30,5.023
"51-31",51,31,0.3633
"51-32",51,32,0.395533333333333
"51-34",51,34,0.1996
"51-35",51,35,0.395633333333333
"51-36",51,36,0.302966666666667
"51-37",51,37,0.349866666666667
"51-4",51,4,16.9568666666667
"51-40",51,40,0.750133333333333
"51-41",51,41,77.4937333333333
"51-43",51,43,0.198566666666667
"51-45",51,45,5.37343333333333
"51-46",51,46,1.5924
"51-47",51,47,0.4477
"51-5",51,5,0.500133333333333
"51-51",51,51,221064.440233333
"51-52",51,52,0.807366666666667
"51-6",51,6,5.42726666666667
"51-7",51,7,0.287266666666667
"51-8",51,8,1.02336666666667
"51-9",51,9,0.5568
"52-1",52,1,0.537333333333333
"52-10",52,10,1.05853333333333
"52-11",52,11,16.3323333333333
"52-13",52,13,0.237966666666667
"52-14",52,14,5.68953333333333
"52-15",52,15,0.366866666666667
"52-16",52,16,0.256233333333333
"52-17",52,17,0.404966666666667
"52-18",52,18,81.6045666666667
"52-19",52,19,1.05206666666667
"52-2",52,2,0.2469
"52-20",52,20,0.4954
"52-21",52,21,2.18033333333333
"52-22",52,22,0.460333333333333
"52-23",52,23,4.8603
"52-24",52,24,0.313633333333333
"52-28",52,28,76.4657666666667
"52-29",52,29,274.681833333333
"52-3",52,3,6.0829
"52-30",52,30,13.924
"52-32",52,32,0.249466666666667
"52-33",52,33,1.451
"52-35",52,35,3.9752
"52-36",52,36,0.5885
"52-37",52,37,0.4041
"52-38",52,38,1.01263333333333
"52-4",52,4,64.9683333333333
"52-40",52,40,0.455233333333333
"52-41",52,41,26.7993
"52-43",52,43,0.223766666666667
"52-45",52,45,4.09373333333333
"52-46",52,46,1.41553333333333
"52-47",52,47,0.2411
"52-5",52,5,1.51836666666667
"52-50",52,50,1.2397
"52-51",52,51,0.677933333333333
"52-52",52,52,216186.5219
"52-6",52,6,2.25716666666667
"52-7",52,7,0.875266666666667
"52-8",52,8,3.4174
"6-1",6,1,38.0000666666667
"6-10",6,10,22220.7203333333
"6-11",6,11,499.9698
"6-12",6,12,18.3588
"6-13",6,13,1150.21503333333
"6-14",6,14,2379.99436666667
"6-15",6,15,24.3518666666667
"6-16",6,16,49.1063333333333
"6-17",6,17,6.6565
"6-18",6,18,104.1617
"6-19",6,19,82.6415
"6-2",6,2,92.6078666666667
"6-20",6,20,35.9316
"6-21",6,21,3131.36916666667
"6-22",6,22,15.5011666666667
"6-23",6,23,157.8264
"6-24",6,24,42.1241333333333
"6-25",6,25,14.5314
"6-26",6,26,18.6777
"6-27",6,27,12.4652666666667
"6-28",6,28,1922.8155
"6-29",6,29,201.757066666667
"6-3",6,3,55.3200666666667
"6-30",6,30,92.4786333333333
"6-31",6,31,34.5161
"6-32",6,32,16.6198666666667
"6-33",6,33,39.0624
"6-34",6,34,32.6953333333333
"6-35",6,35,3.78956666666667
"6-36",6,36,21.3543333333333
"6-37",6,37,435.8176
"6-38",6,38,4.0796
"6-39",6,39,22.0618
"6-4",6,4,31.3134666666667
"6-40",6,40,25.1125
"6-41",6,41,4482.6294
"6-42",6,42,16.1767333333333
"6-43",6,43,21.5095
"6-44",6,44,5.71893333333333
"6-45",6,45,644.433066666667
"6-46",6,46,124.777933333333
"6-47",6,47,111.162166666667
"6-48",6,48,16.6040666666667
"6-49",6,49,60.0411666666667
"6-5",6,5,63.0990666666667
"6-50",6,50,61.2704333333334
"6-51",6,51,2.6494
"6-52",6,52,0.131933333333333
"6-6",6,6,1346547.66153333
"6-7",6,7,2.8275
"6-8",6,8,74.2950666666666
"6-9",6,9,52.2785333333333
"7-1",7,1,4.96346666666667
"7-10",7,10,10.3381
"7-11",7,11,42.0703333333333
"7-12",7,12,47.4092666666667
"7-13",7,13,15.5558
"7-14",7,14,26.5162
"7-15",7,15,32.4832333333333
"7-16",7,16,24.3964666666667
"7-17",7,17,49.4490333333333
"7-18",7,18,68.6008
"7-19",7,19,12.9612666666667
"7-2",7,2,26.4263333333333
"7-20",7,20,9.23353333333334
"7-21",7,21,3.82886666666667
"7-22",7,22,11.2044
"7-23",7,23,20.3232666666667
"7-24",7,24,6.49363333333333
"7-25",7,25,37.6565
"7-26",7,26,2.69273333333333
"7-27",7,27,7.1653
"7-28",7,28,991.6952
"7-29",7,29,73.0089333333333
"7-3",7,3,254.105533333333
"7-30",7,30,68.8427
"7-31",7,31,11.0102333333333
"7-32",7,32,5.3395
"7-33",7,33,21.5103666666667
"7-34",7,34,1.2334
"7-35",7,35,38.1005333333333
"7-36",7,36,15.9084333333333
"7-37",7,37,8.98193333333333
"7-38",7,38,29.0652333333333
"7-39",7,39,10.1158333333333
"7-4",7,4,16.1757666666667
"7-40",7,40,4.3322
"7-41",7,41,116.015966666667
"7-42",7,42,3.2493
"7-43",7,43,53.4989666666667
"7-44",7,44,8.01276666666667
"7-45",7,45,27.4921666666667
"7-46",7,46,1264.8575
"7-47",7,47,11.5223333333333
"7-48",7,48,21.1161666666667
"7-49",7,49,4.08623333333333
"7-5",7,5,3.01066666666667
"7-50",7,50,37.3085333333333
"7-52",7,52,0.243
"7-6",7,6,19.6544333333333
"7-7",7,7,2653362.94586667
"7-8",7,8,1907.381
"7-9",7,9,4.69663333333333
"8-1",8,1,190.6395
"8-10",8,10,51.9638
"8-11",8,11,134.361633333333
"8-12",8,12,1914.9328
"8-13",8,13,211.643066666667
"8-14",8,14,152.1645
"8-15",8,15,182.432633333333
"8-16",8,16,126.626666666667
"8-17",8,17,102276.229433333
"8-18",8,18,259.8262
"8-19",8,19,405.9974
"8-2",8,2,243.054466666667
"8-20",8,20,269.375733333333
"8-21",8,21,63.3147333333333
"8-22",8,22,1657.63883333333
"8-23",8,23,244.062866666667
"8-24",8,24,157.7989
"8-25",8,25,21043.0556333333
"8-26",8,26,366.941766666667
"8-27",8,27,44.9157333333333
"8-28",8,28,4033.48223333333
"8-29",8,29,323.2102
"8-3",8,3,970.0058
"8-30",8,30,730.039533333333
"8-31",8,31,634.4808
"8-32",8,32,49.0385
"8-33",8,33,112.753666666667
"8-34",8,34,56.7476666666667
"8-35",8,35,282.7775
"8-36",8,36,115.573633333333
"8-37",8,37,46.3908333333333
"8-38",8,38,165.324166666667
"8-39",8,39,162.794466666667
"8-4",8,4,227.762266666667
"8-40",8,40,33.0519
"8-41",8,41,422.062733333333
"8-42",8,42,186.657733333333
"8-43",8,43,68674.6941
"8-44",8,44,273.864
"8-45",8,45,261.6907
"8-46",8,46,3333.8336
"8-47",8,47,156.718433333333
"8-48",8,48,381.0117
"8-49",8,49,94.3880666666667
"8-5",8,5,22.3106333333333
"8-50",8,50,3711.05906666667
"8-51",8,51,3.5368
"8-52",8,52,5.7266
"8-6",8,6,82.8481
"8-7",8,7,1832.67833333333
"8-8",8,8,12886985.0019333
"8-9",8,9,206.160433333333
"9-1",9,1,12185.8629333333
"9-10",9,10,82.1178666666667
"9-11",9,11,9.42733333333334
"9-12",9,12,31.8729
"9-13",9,13,81.079
"9-14",9,14,21.5742
"9-15",9,15,64.7092
"9-16",9,16,77.7588333333334
"9-17",9,17,23.2194
"9-18",9,18,20.6864333333333
"9-19",9,19,143.372766666667
"9-2",9,2,47.4898666666667
"9-20",9,20,775.281833333333
"9-21",9,21,13.5205666666667
"9-22",9,22,48.0719333333333
"9-23",9,23,37.2074333333333
"9-24",9,24,1115.79586666667
"9-25",9,25,55.892
"9-26",9,26,2630.45646666667
"9-27",9,27,66.1790666666667
"9-28",9,28,2425.44013333333
"9-29",9,29,25.6858666666667
"9-3",9,3,52.0670666666667
"9-30",9,30,57.8796333333333
"9-31",9,31,625.91
"9-32",9,32,68.4641666666667
"9-33",9,33,226.083666666667
"9-34",9,34,4575.77533333333
"9-35",9,35,1.889
"9-36",9,36,80.6921666666667
"9-37",9,37,516.3085
"9-38",9,38,2.632
"9-39",9,39,4179.2352
"9-4",9,4,5.9153
"9-40",9,40,1314.42676666667
"9-41",9,41,39.7407666666667
"9-42",9,42,2509.516
"9-43",9,43,44.1028
"9-44",9,44,60.8696
"9-45",9,45,265.088066666667
"9-46",9,46,168.450533333333
"9-47",9,47,4753.92333333333
"9-48",9,48,4985.63053333333
"9-49",9,49,375.872666666667
"9-5",9,5,159.798833333333
"9-50",9,50,441.405133333333
"9-51",9,51,0.877233333333333
"9-6",9,6,42.2564666666667
"9-7",9,7,1.39766666666667
"9-8",9,8,235.090733333333
"9-9",9,9,695487.812266667
